usummary_code,111,112,113FF,211,212,213,2211,2212NW,23EH,23MR,23OC,23OR,23OT,23PC,23SF,23TH,321,327,3311IS,3313NF,332,33311,33312,33313,3332OM,3341,3342,3344,3345,334X,335,336111,336112,33612,3362BP,3364,3365AO,337,3391,3399,311,3121,3122,313TT,315AL,322,323,324,3251,3252,3254,325X,326,4231,4234,4236,4238,423X,4242,4244,4247,424X,425,42ID,441,445,452,444,446,447,448,454,4A0X,481,482,483,484,485,486,48A,492,493,5111,5112,512,515,5171,5172,5174OT,518,519,521CI,523,524113,5241XX,5242,525,HSO,HST,ORE,532RL,5411,5415,5412,5413,5416,5417,5418,541X,55,5613,5617,561X,562,61,6211,6212,6213,6214,6215OH,622,623,624,711AS,713,721,722,811,812,813,814,GFGD,GFGN,GFE,GSLGE,GSLGH,GSLGO,GSLE,F010,F02E,F02N,F02R,F02S,F030,F040,F050,F06C,F06E,F06N,F06S,F07C,F07E,F07N,F07S,F10C,F10E,F10N,F10S,total_imports
111,112,28,0,0,0,0,0,0,0,5,0,1,1,0,1,0,0,0,0,0,0,0,0,0,0,0,0,0,0,0,0,0,0,0,0,0,0,0,0,1,381,23,106,-3,0,0,0,0,42,0,0,0,0,0,0,0,0,0,0,0,0,0,0,0,5,2,0,0,0,2,0,0,0,0,0,0,0,0,0,0,0,0,0,0,0,0,0,0,0,0,0,0,0,0,0,0,0,0,0,0,0,0,0,0,0,0,3,0,0,0,0,12,0,0,0,0,0,0,0,0,0,0,0,0,1,0,2,0,0,0,0,0,9,0,2,0,12,0,907,0,0,0,0,-4,0,0,0,0,0,0,0,0,0,0,0,0,0,0,1651
112,0,22,23,0,0,0,0,0,0,0,0,0,0,0,0,0,0,0,0,0,0,0,0,0,0,0,0,0,0,0,0,0,0,0,0,0,0,0,0,0,264,0,0,2,0,0,0,0,0,0,0,0,0,0,0,0,0,0,0,0,0,0,0,0,0,0,1,0,0,0,0,0,0,0,0,0,0,0,0,2,0,0,0,0,0,0,0,0,0,0,0,0,0,0,0,0,0,0,0,0,0,0,0,0,0,0,30,0,0,0,0,0,1,0,1,0,0,0,0,0,0,0,0,0,87,1,1165,0,0,0,0,1,0,0,0,0,0,0,785,0,0,0,0,-20,0,0,0,0,0,0,0,0,0,0,0,0,0,0,2365
113FF,89,12,3,0,0,0,0,0,0,0,0,0,0,0,0,0,47,0,0,0,0,0,0,0,0,0,0,0,0,0,0,0,0,0,0,0,0,7,0,23,664,9,0,0,9,11,2,0,15,0,0,12,158,0,0,0,0,0,0,0,0,0,0,0,0,52,0,0,0,0,0,0,0,0,0,0,0,0,0,0,0,0,0,0,0,0,0,0,0,0,0,0,0,0,0,0,0,0,0,0,0,0,0,0,0,0,4,0,0,0,0,0,0,0,5,0,0,0,0,0,0,0,0,0,32,35,622,0,0,9,0,0,0,1,10,39,39,0,465,0,0,0,0,-5,0,0,0,0,0,0,0,0,0,0,0,0,0,0,2369
211,0,0,0,39,0,0,0,0,0,0,0,0,0,0,0,0,0,0,0,0,0,0,0,0,0,0,0,0,0,0,0,0,0,0,0,0,0,0,0,0,0,0,0,0,0,0,0,2339,5,0,0,0,0,0,0,0,0,0,0,0,0,0,0,0,0,0,0,0,0,0,0,0,0,0,0,0,0,0,0,0,0,0,0,0,0,0,0,0,0,0,0,0,0,0,0,0,0,0,0,0,0,0,0,0,0,0,0,0,0,0,0,0,0,0,1,0,0,0,0,0,0,0,0,0,0,0,0,0,0,0,0,0,0,0,0,0,0,0,0,0,0,0,0,4,0,0,0,0,0,0,0,0,0,0,0,0,0,0,2388
212,0,0,0,0,14,0,6,0,29,6,8,21,8,2,6,10,0,111,78,15,1,0,0,0,1,0,0,0,0,0,2,0,0,0,1,1,0,0,1,1,25,0,0,0,0,2,0,3,41,0,0,13,0,0,0,0,0,0,0,0,0,0,0,0,0,0,0,0,0,0,0,0,0,0,0,0,0,0,0,0,0,0,0,0,0,0,0,0,0,0,0,0,0,0,0,0,0,0,0,0,0,0,0,0,2,0,5,0,0,0,0,0,0,0,0,0,0,0,0,0,0,0,1,0,0,0,1,0,0,0,0,0,3,0,0,0,135,5,10,0,0,0,0,2,0,0,0,0,0,0,0,0,0,0,0,0,0,0,570
213,0,0,0,23,5,2,0,0,0,0,0,0,0,0,0,0,0,0,0,0,0,0,0,0,0,0,0,0,0,0,0,0,0,0,0,0,0,0,0,0,0,0,0,0,0,0,0,0,0,0,0,0,0,0,0,0,0,0,0,0,0,0,0,0,0,0,0,0,0,0,0,0,0,0,0,0,0,0,0,0,0,0,0,0,0,0,0,0,0,0,0,0,0,0,0,0,0,0,0,0,0,0,0,0,0,0,0,0,0,0,0,0,0,0,0,0,0,0,0,0,0,0,0,0,0,0,0,0,0,0,0,0,0,0,0,0,0,0,0,7,0,0,136,0,0,0,0,0,0,0,0,0,0,0,0,0,0,0,173
2211,0,0,0,0,0,0,23,0,0,1,0,0,0,0,0,0,0,0,0,0,0,0,0,0,0,0,0,0,0,0,0,0,0,0,0,1,0,0,0,0,1,0,0,0,0,0,0,0,0,0,0,0,0,0,0,0,0,0,0,0,0,0,0,0,0,0,0,0,0,0,0,0,0,0,0,0,0,0,0,0,0,0,0,0,0,0,0,0,0,0,0,5,0,0,0,0,0,0,0,0,0,0,0,0,0,0,0,0,0,0,0,0,0,0,0,0,0,0,1,0,0,0,0,0,0,0,0,0,0,0,0,0,0,2,0,0,0,0,5,0,0,0,0,0,0,0,0,0,0,0,0,0,0,0,0,0,0,0,39
2212NW,0,0,0,0,0,0,0,0,0,0,0,0,0,0,0,0,0,0,0,0,0,0,0,0,0,0,0,0,0,0,0,0,0,0,0,0,0,0,0,0,0,0,0,0,0,0,0,0,0,0,0,0,0,0,0,0,0,0,0,0,0,0,0,0,0,0,0,0,0,0,0,0,0,0,0,0,0,0,0,0,0,0,0,0,0,0,0,0,0,0,0,0,0,0,0,0,0,0,0,0,0,0,0,0,0,0,0,0,0,0,0,0,0,0,0,0,0,0,0,0,0,0,0,0,0,0,0,0,0,0,0,0,0,0,0,0,0,0,0,0,0,0,0,0,0,0,0,0,0,0,0,0,0,0,0,0,0,0,0
23EH,0,0,0,0,0,0,0,0,0,0,0,0,0,0,0,0,0,0,0,0,0,0,0,0,0,0,0,0,0,0,0,0,0,0,0,0,0,0,0,0,0,0,0,0,0,0,0,0,0,0,0,0,0,0,0,0,0,0,0,0,0,0,0,0,0,0,0,0,0,0,0,0,0,0,0,0,0,0,0,0,0,0,0,0,0,0,0,0,0,0,0,0,0,0,0,0,0,0,0,0,0,0,0,0,0,0,0,0,0,0,0,0,0,0,0,0,0,0,0,0,0,0,0,0,0,0,0,0,0,0,0,0,0,0,0,0,0,0,0,0,0,0,0,0,0,0,0,0,0,0,0,0,0,0,0,0,0,0,0
23MR,0,0,0,0,0,0,0,0,0,0,0,0,0,0,0,0,0,0,0,0,0,0,0,0,0,0,0,0,0,0,0,0,0,0,0,0,0,0,0,0,0,0,0,0,0,0,0,0,0,0,0,0,0,0,0,0,0,0,0,0,0,0,0,0,0,0,0,0,0,0,0,0,0,0,0,0,0,0,0,0,0,0,0,0,0,0,0,0,0,0,0,0,0,0,0,0,0,0,0,0,0,0,0,0,0,0,0,0,0,0,0,0,0,0,0,0,0,0,0,0,0,0,0,0,0,0,0,0,0,0,0,0,0,0,0,0,0,0,0,0,0,0,0,0,0,0,0,0,0,0,0,0,0,0,0,0,0,0,0
23OC,0,0,0,0,0,0,0,0,0,0,0,0,0,0,0,0,0,0,0,0,0,0,0,0,0,0,0,0,0,0,0,0,0,0,0,0,0,0,0,0,0,0,0,0,0,0,0,0,0,0,0,0,0,0,0,0,0,0,0,0,0,0,0,0,0,0,0,0,0,0,0,0,0,0,0,0,0,0,0,0,0,0,0,0,0,0,0,0,0,0,0,0,0,0,0,0,0,0,0,0,0,0,0,0,0,0,0,0,0,0,0,0,0,0,0,0,0,0,0,0,0,0,0,0,0,0,0,0,0,0,0,0,0,0,0,0,0,0,0,0,0,0,0,0,0,0,0,0,0,0,0,0,0,0,0,0,0,0,0
23OR,0,0,0,0,0,0,0,0,0,0,0,0,0,0,0,0,0,0,0,0,0,0,0,0,0,0,0,0,0,0,0,0,0,0,0,0,0,0,0,0,0,0,0,0,0,0,0,0,0,0,0,0,0,0,0,0,0,0,0,0,0,0,0,0,0,0,0,0,0,0,0,0,0,0,0,0,0,0,0,0,0,0,0,0,0,0,0,0,0,0,0,0,0,0,0,0,0,0,0,0,0,0,0,0,0,0,0,0,0,0,0,0,0,0,0,0,0,0,0,0,0,0,0,0,0,0,0,0,0,0,0,0,0,0,0,0,0,0,0,0,0,0,0,0,0,0,0,0,0,0,0,0,0,0,0,0,0,0,0
23OT,0,0,0,0,0,0,0,0,0,0,0,0,0,0,0,0,0,0,0,0,0,0,0,0,0,0,0,0,0,0,0,0,0,0,0,0,0,0,0,0,0,0,0,0,0,0,0,0,0,0,0,0,0,0,0,0,0,0,0,0,0,0,0,0,0,0,0,0,0,0,0,0,0,0,0,0,0,0,0,0,0,0,0,0,0,0,0,0,0,0,0,0,0,0,0,0,0,0,0,0,0,0,0,0,0,0,0,0,0,0,0,0,0,0,0,0,0,0,0,0,0,0,0,0,0,0,0,0,0,0,0,0,0,0,0,0,0,0,0,0,0,0,0,0,0,0,0,0,0,0,0,0,0,0,0,0,0,0,0
23PC,0,0,0,0,0,0,0,0,0,0,0,0,0,0,0,0,0,0,0,0,0,0,0,0,0,0,0,0,0,0,0,0,0,0,0,0,0,0,0,0,0,0,0,0,0,0,0,0,0,0,0,0,0,0,0,0,0,0,0,0,0,0,0,0,0,0,0,0,0,0,0,0,0,0,0,0,0,0,0,0,0,0,0,0,0,0,0,0,0,0,0,0,0,0,0,0,0,0,0,0,0,0,0,0,0,0,0,0,0,0,0,0,0,0,0,0,0,0,0,0,0,0,0,0,0,0,0,0,0,0,0,0,0,0,0,0,0,0,0,0,0,0,0,0,0,0,0,0,0,0,0,0,0,0,0,0,0,0,0
23SF,0,0,0,0,0,0,0,0,0,0,0,0,0,0,0,0,0,0,0,0,0,0,0,0,0,0,0,0,0,0,0,0,0,0,0,0,0,0,0,0,0,0,0,0,0,0,0,0,0,0,0,0,0,0,0,0,0,0,0,0,0,0,0,0,0,0,0,0,0,0,0,0,0,0,0,0,0,0,0,0,0,0,0,0,0,0,0,0,0,0,0,0,0,0,0,0,0,0,0,0,0,0,0,0,0,0,0,0,0,0,0,0,0,0,0,0,0,0,0,0,0,0,0,0,0,0,0,0,0,0,0,0,0,0,0,0,0,0,0,0,0,0,0,0,0,0,0,0,0,0,0,0,0,0,0,0,0,0,0
23TH,0,0,0,0,0,0,0,0,0,0,0,0,0,0,0,0,0,0,0,0,0,0,0,0,0,0,0,0,0,0,0,0,0,0,0,0,0,0,0,0,0,0,0,0,0,0,0,0,0,0,0,0,0,0,0,0,0,0,0,0,0,0,0,0,0,0,0,0,0,0,0,0,0,0,0,0,0,0,0,0,0,0,0,0,0,0,0,0,0,0,0,0,0,0,0,0,0,0,0,0,0,0,0,0,0,0,0,0,0,0,0,0,0,0,0,0,0,0,0,0,0,0,0,0,0,0,0,0,0,0,0,0,0,0,0,0,0,0,0,0,0,0,0,0,0,0,0,0,0,0,0,0,0,0,0,0,0,0,0
321,4,0,0,0,0,0,0,0,289,188,120,166,96,23,198,63,1027,1,0,0,2,0,0,0,119,0,0,1,0,0,0,0,0,0,62,0,5,257,19,68,4,0,0,10,0,114,0,0,0,0,0,1,71,27,6,13,4,20,6,21,10,24,4,0,3,12,3,0,4,1,3,12,2,0,5,0,0,0,0,0,1,1,0,0,2,1,1,9,0,16,4,3,0,0,0,0,0,0,0,51,18,0,0,0,1,0,4,0,5,0,0,1,5,0,1,12,0,0,0,1,17,0,10,0,8,13,29,4,0,20,0,5,2,1,132,3,14,5,109,0,0,0,0,1,0,0,0,0,0,0,0,0,0,0,0,0,0,0,3598
327,0,0,0,173,1,15,0,0,868,144,232,394,150,60,388,119,48,1176,113,46,153,12,3,28,108,5,1,11,6,0,83,56,94,12,130,7,26,21,23,30,18,142,0,1,0,2,0,57,3,6,3,28,103,0,0,0,0,1,0,1,0,2,0,0,49,12,0,3,0,0,4,56,19,0,1,0,9,0,0,0,0,8,0,0,0,168,268,58,1,36,0,3,5,0,0,3,0,1,0,0,43,0,0,0,73,41,106,3,14,11,0,30,18,21,19,21,12,9,1,73,509,17,31,0,11,5,243,27,0,8,0,4,95,0,29,127,37,52,1532,0,0,0,0,-57,0,0,0,0,0,0,0,0,0,0,0,0,0,0,8972
3311IS,5,4,0,619,37,16,0,0,176,91,50,46,54,8,27,5,9,91,2542,185,2741,172,327,128,903,0,7,17,9,2,274,1,325,9,1006,119,119,86,23,122,0,0,0,1,0,3,1,0,2,0,0,0,69,1,1,0,0,26,0,0,0,3,0,0,0,0,0,0,0,0,0,0,0,0,10,0,0,0,0,2,0,0,1,0,0,3,5,1,1,3,62,0,0,0,0,0,0,0,0,393,20,0,0,0,61,0,24,0,0,5,0,51,30,30,36,0,1,2,11,5,1,2,42,5,39,4,2,26,17,7,0,0,1,0,0,1,0,26,84,0,0,0,0,31,0,0,0,0,0,0,0,0,0,0,0,0,0,0,11507
3313NF,0,0,0,0,1,0,0,0,4,21,1,22,5,26,18,4,4,14,1372,3066,1505,16,8,33,493,1,20,412,67,2,1399,2,704,18,755,58,93,65,164,417,20,101,0,0,0,57,0,0,0,0,0,0,29,0,0,0,0,11,0,0,0,0,3,0,0,0,0,0,0,0,3,0,0,0,9,0,0,0,0,0,0,0,0,0,0,0,0,0,0,4,5,0,0,0,0,0,0,0,0,0,0,0,0,0,77,0,26,0,0,1,0,0,2,0,0,0,0,0,0,0,1,0,1,0,1,0,7,69,0,1,0,5,77,0,0,0,0,40,0,0,0,0,0,30,0,0,0,0,0,0,0,0,0,0,0,0,0,0,11370
332,31,101,5,1251,23,12,0,65,608,318,435,672,706,454,421,598,77,22,51,19,935,75,338,30,635,2,48,17,54,1,191,46,314,47,592,258,233,91,46,40,289,43,25,6,0,141,5,10,53,29,2,336,162,5,10,7,4,15,11,11,8,16,1,0,10,11,3,6,4,9,3,22,87,0,14,8,83,37,2,2,15,26,6,2,1,490,108,175,7,21,91,13,6,0,0,0,4,1,0,105,67,2,79,2,126,6,83,4,16,18,2,86,67,131,8,2,2,0,1,3,35,1,172,1,31,91,157,248,8,36,0,790,107,8,59,80,141,267,3398,1213,0,0,0,-30,0,0,0,121,0,0,0,2,0,0,0,8,0,0,20072
33311,400,153,1,0,0,0,0,0,0,0,0,0,0,0,0,0,0,0,0,0,0,488,0,0,0,0,0,0,0,0,0,0,0,0,0,0,0,0,0,0,0,0,0,0,0,0,0,0,0,0,0,0,0,0,0,0,0,6,0,0,0,0,0,0,0,0,0,0,0,0,0,0,0,0,0,0,0,0,0,0,0,0,0,0,0,0,0,0,0,0,0,0,0,0,0,0,0,0,0,0,0,0,0,0,0,0,16,0,0,1,0,0,0,59,0,0,0,0,0,0,0,0,0,3,0,0,0,3,0,0,0,0,0,0,136,0,67,177,1,5920,0,0,0,-19,0,0,0,0,0,0,0,0,0,0,0,0,0,0,7412
33312,0,0,0,280,560,208,0,0,0,52,4,463,25,33,114,4,0,0,0,0,0,0,48,0,0,0,0,0,0,0,0,0,0,0,0,0,69,0,0,0,0,0,0,0,0,0,0,0,0,0,0,0,0,0,0,0,0,0,0,0,0,0,0,0,0,0,0,0,0,0,0,0,0,0,0,0,0,0,0,0,0,0,0,0,0,0,0,3,0,0,0,0,0,0,0,0,0,0,0,0,0,0,0,0,89,0,13,0,0,1,0,0,0,327,0,0,0,0,0,0,0,0,0,0,0,0,0,0,0,0,0,0,0,0,0,0,0,4,0,8090,0,0,0,0,0,0,0,70,0,0,0,0,0,0,0,1760,0,0,12217
33313,0,0,0,272,86,47,0,0,0,0,0,0,0,0,0,0,0,0,0,0,0,0,0,0,0,0,0,0,0,0,0,0,0,0,0,0,0,0,0,0,0,0,0,0,0,0,0,0,0,0,0,0,0,0,0,0,0,0,0,0,0,0,0,0,0,0,0,0,0,0,0,0,0,0,0,0,0,0,0,0,0,0,0,0,0,0,0,0,0,0,0,0,0,0,0,0,0,0,0,0,0,0,0,0,23,0,2,0,0,0,0,0,0,101,0,0,0,0,0,0,0,0,0,0,0,0,0,0,0,0,0,11,0,0,0,0,0,0,0,1033,0,0,0,0,0,0,0,0,0,0,0,0,0,0,0,0,0,0,1575
3332OM,27,0,2,1367,209,245,104,5,762,89,398,331,1296,28,104,90,37,11,21,142,867,174,559,259,4468,0,3,6,53,0,394,306,2273,1046,2633,241,169,11,-17,137,101,967,10,4,-1,519,434,7,392,76,0,560,472,2,14,3,192,24,4,26,4,26,6,0,22,10,4,12,1,2,5,11,6,0,3,4,75,16,3,106,3,122,6,1,0,7,3,25,1,5,10,0,0,0,117,0,0,0,0,0,99,0,429,13,217,4,101,3,85,42,0,243,41,428,92,133,0,3,2,30,39,1,3,0,46,2,23,1186,29,38,0,105,54,-10,267,29,139,411,795,32855,0,0,0,63,0,0,0,101,0,0,0,23,0,0,0,196,0,0,61632
3341,0,0,0,0,0,0,0,0,4,1,0,1,1,0,1,0,1,1,0,0,1,0,0,0,3,48,2,4,9,0,0,0,6,1,0,0,0,0,0,0,1,0,0,0,0,0,0,0,0,0,0,0,2,0,0,0,0,0,0,0,0,0,0,0,5,3,5,1,1,3,1,4,2,0,0,0,2,0,0,1,0,1,2,0,0,0,2,5,1,5,7,3,14,0,0,0,8,0,0,5,1,7,6,3,7,10,2,5,9,23,4,17,10,3,6,1,0,1,0,4,0,1,5,0,3,2,2,0,0,5,0,3,2,0,14,3,3,1,1082,1086,0,0,0,-8,0,0,0,3,0,0,0,2,0,0,0,154,0,0,2650
3342,0,0,0,0,0,0,0,0,80,9,1,20,3,0,2,94,0,0,0,0,0,0,0,0,2,1,42,4,32,0,0,0,0,0,0,169,0,0,0,0,0,0,0,0,0,0,0,0,0,0,0,0,0,0,0,0,0,0,0,0,0,0,0,0,2,0,0,0,0,0,0,2,0,0,4,0,1,0,0,0,0,0,2,0,0,9,82,45,20,12,10,8,5,0,2,0,3,0,0,0,2,8,1,3,0,1,1,0,3,142,3,3,15,0,1,7,0,0,0,0,3,0,1,0,0,0,0,7,0,1,0,104,7,0,4,0,0,0,29,1084,0,0,0,-12,0,0,0,68,0,0,0,8,0,0,0,18,0,0,2178
3344,0,0,0,0,0,0,0,0,2,3,1,11,1,0,17,15,24,7,2,15,57,21,30,8,168,13,38,343,163,4,99,4,94,3,874,42,5,12,3,10,58,53,23,5,0,-19,9,10,10,7,0,26,20,18,-4,6,31,19,2365,0,0,21,0,0,8,0,0,0,4,0,0,0,0,0,0,0,1,0,0,0,0,0,1,122,0,0,120,150,16,212,2,15,10,0,0,0,0,0,0,0,1,0,316,4,17,1,212,0,3,0,0,0,22,1,26,0,0,0,0,0,13,5,0,0,0,0,0,308,0,0,0,21,204,0,8,0,14,3,28,0,0,0,0,-4,0,0,0,0,0,0,0,0,0,0,0,1,0,0,6612
3345,0,0,0,6,1,16,2,0,41,10,30,33,3,0,6,1,1,2,0,0,345,0,0,1,157,4,157,126,1403,0,58,10,69,11,2,230,143,0,39,0,0,0,0,0,0,1,12,0,88,12,0,1,54,0,0,0,3,1,0,1,0,0,327,0,80,5,2,1,1,6,0,2,0,0,0,0,0,0,0,0,0,0,3,4,2,0,3,3,1,6,44,0,0,0,0,0,0,0,0,0,7,2,84,8,742,3,23,2,65,0,1,9,50,59,23,323,92,11,44,323,115,3,9,0,0,0,4,184,28,156,0,193,365,0,3,4,1,143,5698,13851,0,0,0,3,0,0,0,505,0,0,0,55,0,0,0,99,0,0,26860
334X,0,0,0,0,0,0,0,0,2,0,0,0,0,0,0,0,0,0,0,0,0,0,0,0,0,0,2,2,0,32,0,15,273,4,0,0,0,0,0,0,0,0,0,0,0,0,1,0,0,0,0,0,0,0,0,0,0,0,0,0,0,0,0,0,20,7,0,3,6,9,0,7,0,0,0,0,0,0,0,1,0,0,0,4,118,0,0,0,0,0,0,0,0,0,0,0,0,0,0,0,0,7,0,2,0,5,1,3,19,2,0,2,10,0,5,0,0,0,0,0,0,0,0,0,0,0,1,0,0,0,0,0,7,0,6,0,0,1,1017,55,0,4,0,42,0,0,0,0,0,0,0,0,0,0,0,1,0,0,1696
335,320,133,4,5,3,39,1,1,392,814,409,610,253,88,371,95,41,23,201,41,338,49,99,24,2145,9,43,51,184,2,1423,5,141,15,466,98,135,18,96,26,206,97,0,11,1,99,20,25,58,49,1,49,78,0,0,0,0,2,0,2,0,0,0,0,63,9,17,4,0,9,1,11,13,0,13,0,9,28,0,3,0,13,0,1,0,0,50,297,15,14,0,12,8,0,0,9,0,0,0,53,22,0,211,29,296,13,55,0,258,3,2,51,110,77,-2,1,0,0,0,0,48,33,26,2,21,29,55,258,35,6,0,338,735,5,85,38,28,268,3792,4297,0,255,0,-16,0,0,0,73,0,0,0,5,0,0,0,40,0,0,22143
336111,0,0,0,0,0,0,0,0,0,0,0,0,0,0,0,0,0,0,0,0,0,0,0,0,0,0,0,0,0,0,0,0,0,0,0,0,0,0,0,0,0,0,0,0,0,0,0,0,0,0,0,0,0,0,0,0,0,0,0,0,0,0,0,0,0,0,0,0,0,0,0,0,0,0,0,0,0,0,0,0,0,0,0,0,0,0,0,0,0,0,0,0,0,0,0,0,0,0,0,0,0,0,0,0,0,0,0,0,0,0,0,0,0,0,0,0,0,0,0,0,0,0,0,0,0,0,0,0,0,0,0,0,0,0,0,0,0,0,2652,6054,0,0,0,1115,0,0,0,2922,0,0,0,2936,0,0,0,7376,0,0,23055
336112,0,0,0,0,0,0,0,0,0,0,0,0,0,0,0,0,0,0,0,0,0,0,0,0,0,0,0,0,0,0,0,0,0,0,0,0,0,0,0,0,0,0,0,0,0,0,0,0,0,0,0,0,0,0,0,0,0,0,0,0,0,0,0,0,0,0,0,0,0,0,0,0,0,0,0,0,0,0,0,0,0,0,0,0,0,0,0,0,0,0,0,0,0,0,0,0,0,0,0,0,0,0,0,0,0,0,0,0,0,0,0,0,0,0,0,0,0,0,0,0,0,0,0,0,0,0,0,0,0,0,0,0,0,0,0,0,0,0,14857,16221,0,0,0,799,0,0,0,0,0,0,0,0,0,0,0,0,0,0,31877
33612,0,0,0,0,0,0,0,0,0,0,0,0,0,0,0,0,0,0,0,0,0,0,0,0,0,0,0,0,0,0,0,0,0,56,19,0,0,0,0,0,0,0,0,0,0,0,0,0,0,0,0,0,0,0,0,0,0,0,0,0,0,0,0,0,0,0,0,0,0,0,0,0,0,0,0,0,0,0,0,0,0,0,0,0,0,0,0,0,0,0,0,0,0,0,0,0,0,0,0,0,0,0,0,0,0,0,0,0,0,0,0,0,0,0,0,0,0,0,0,0,0,0,0,0,0,0,0,0,0,0,0,0,0,0,3,0,0,0,0,770,0,0,0,0,0,0,0,7,0,0,0,1,0,0,0,350,0,0,1206
3362BP,27,14,4,62,33,14,1,0,0,123,0,1,0,0,0,0,115,29,39,14,64,161,204,18,130,1,17,4,13,1,62,501,6168,481,2192,229,149,24,17,23,139,104,7,4,0,66,9,8,11,13,1,47,38,11,6,24,59,146,3,133,20,68,23,0,137,98,18,59,50,13,6,174,24,0,2,0,418,40,0,4,0,78,5,2,6,61,5,6,0,2,30,10,2,0,0,0,0,0,0,0,231,0,7,0,33,24,72,18,28,35,8,615,113,85,39,6,4,1,3,27,98,9,156,3,11,12,103,815,44,84,0,491,9,227,225,19,269,87,1168,213,0,0,0,182,0,0,0,0,0,0,0,0,0,0,0,2,0,0,18701
3364,0,0,0,0,0,0,0,0,0,0,0,0,0,0,0,0,0,0,0,0,0,0,0,0,0,0,0,0,0,0,0,0,0,0,0,6470,0,0,0,0,0,0,0,0,0,0,0,0,0,0,0,0,0,0,0,0,0,0,0,0,0,0,0,0,0,0,0,0,0,0,0,0,0,0,0,0,0,0,0,49,224,0,0,0,0,0,0,0,0,0,0,0,0,0,0,0,0,0,0,0,0,0,0,0,0,0,0,0,0,0,0,0,0,0,0,0,0,0,0,0,0,0,0,0,0,0,0,0,0,0,0,1096,324,0,0,0,0,0,103,3980,0,0,0,2886,0,0,0,4,0,0,0,31,0,0,0,0,0,0,15167
3365AO,0,0,0,0,1,0,0,0,0,0,0,0,0,0,0,0,0,0,0,0,0,0,0,0,0,0,0,0,0,0,0,0,0,0,0,0,270,0,0,0,0,0,0,0,0,0,0,0,0,0,0,0,0,0,0,0,0,0,0,0,0,0,0,0,0,0,0,0,0,0,0,0,0,0,30,0,0,0,0,0,0,0,0,0,0,0,0,0,0,0,0,0,0,0,0,0,0,0,0,0,0,0,0,0,0,0,0,0,0,0,0,0,0,0,0,0,0,0,0,0,0,0,0,0,0,0,0,2,0,0,0,3,1,0,0,0,0,6,2625,2568,0,0,0,210,0,0,0,96,0,0,0,1,0,0,0,0,0,0,5813
337,0,0,0,0,0,0,0,0,0,0,2,0,0,0,0,0,8,0,0,0,0,0,0,0,0,0,0,0,0,0,0,0,0,0,0,0,0,288,0,0,0,0,0,0,0,0,0,0,0,0,0,0,0,0,0,0,0,16,0,63,0,26,0,0,15,0,0,0,0,0,30,34,144,0,0,0,0,0,0,0,0,0,0,0,0,0,0,0,0,0,0,0,0,0,0,0,0,136,2,0,0,0,0,0,0,0,20,0,51,1,0,0,0,0,0,0,0,0,5,29,4,0,0,56,40,0,0,26,0,0,0,0,0,1,0,0,0,100,2879,1165,0,29,0,-75,0,0,0,0,0,0,0,0,0,0,0,63,0,0,5158
3391,0,0,0,0,0,0,0,0,0,0,0,0,0,0,0,0,0,0,0,0,0,0,0,0,0,0,0,0,0,0,0,0,0,0,0,0,0,0,401,0,0,0,0,0,0,0,0,0,0,0,0,0,0,0,0,0,0,0,0,0,0,0,0,0,0,0,0,0,0,0,0,0,0,0,0,0,0,0,0,0,0,0,0,0,0,0,0,0,0,0,0,0,0,0,0,0,0,0,0,0,0,0,0,0,2,0,1,0,104,0,0,1,0,2,0,1202,644,1,114,6,4388,51,10,0,0,0,0,0,0,0,0,153,22,0,0,191,0,1,5653,4083,0,0,0,-5,0,0,0,6,0,0,0,0,0,0,0,13,0,0,17044
3399,1,1,0,7,3,1,0,0,4,6,5,17,1,2,14,5,1,0,0,0,4,12,1,45,165,0,0,0,0,0,56,12,52,3,184,1,0,0,0,87,0,0,0,0,5,0,0,0,29,0,0,0,3,0,1,1,0,9,12,22,0,9,0,0,62,13,0,6,2,0,12,49,1,0,0,0,1,1,0,1,5,12,0,0,0,0,1,2,0,2,0,4,3,0,0,1,0,0,0,4,3,0,0,4,33,7,8,19,6,0,1,44,7,1,19,1,1,0,6,1,10,0,79,2,19,2,64,11,49,16,0,0,4,0,18,10,12,0,5444,157,0,0,0,-65,0,0,0,0,0,0,0,0,0,0,0,0,0,0,6956
311,0,376,0,0,0,0,0,0,0,0,0,0,0,0,0,0,0,77,0,0,0,0,0,0,0,0,0,0,0,0,0,0,0,0,0,0,0,0,0,0,2725,138,0,3,0,32,0,21,12,2,25,242,26,0,0,0,0,0,0,0,0,15,1,0,0,67,8,0,0,0,0,0,0,6,0,9,1,0,0,0,0,0,2,0,0,0,0,0,0,0,41,0,0,0,0,0,0,0,0,0,0,0,0,0,5,0,4,0,25,0,0,0,0,0,68,0,0,0,0,0,140,57,482,0,29,55,2356,0,0,29,0,31,0,21,465,598,307,0,13597,0,0,0,0,-10,0,0,0,0,0,0,0,0,0,0,0,0,0,0,22088
3121,0,0,0,0,0,0,0,0,0,0,0,0,0,0,0,0,0,0,0,0,0,0,0,0,0,0,0,0,0,0,0,0,0,0,0,0,0,0,0,0,0,203,0,0,0,0,0,0,0,0,0,0,0,0,0,0,3,0,0,0,0,0,1,0,0,0,0,0,0,0,0,0,0,30,0,4,2,0,0,0,0,0,0,0,0,0,0,0,0,0,0,0,0,0,0,0,0,0,0,0,0,0,0,0,0,0,10,0,0,0,0,0,0,0,8,0,0,0,0,0,0,0,0,11,165,69,1280,0,0,21,0,0,0,0,7,10,2,0,12188,0,0,0,0,-27,0,0,0,0,0,0,0,0,0,0,0,0,0,0,13987
3122,0,0,0,0,0,0,0,0,0,0,0,0,0,0,0,0,0,0,0,0,0,0,0,0,0,0,0,0,0,0,0,0,0,0,0,0,0,0,0,0,0,0,14,0,0,0,0,0,0,0,0,0,0,0,0,0,0,0,0,0,0,0,0,0,0,0,0,0,0,0,0,0,0,0,0,0,0,0,0,0,0,0,0,0,0,0,0,0,0,0,0,0,0,0,0,0,0,0,0,0,0,0,0,0,0,0,0,0,0,0,0,0,0,0,0,0,0,0,0,0,0,0,0,0,0,0,0,0,0,0,0,0,0,0,7,0,26,0,78,0,0,0,0,0,0,0,0,0,0,0,0,0,0,0,0,0,0,0,125
313TT,0,0,1,0,0,0,0,0,13,22,9,11,1,1,4,1,33,20,0,0,0,0,0,0,20,0,0,0,0,0,0,1,29,16,52,0,5,379,15,15,2,0,0,530,218,133,14,2,0,0,0,0,267,8,16,27,5,31,30,11,19,21,1,0,0,5,99,0,2,0,51,5,1,0,0,0,0,0,0,0,0,0,0,0,39,0,0,0,0,0,0,0,0,0,0,0,0,0,0,0,8,0,0,0,0,0,16,0,11,1,0,6,0,7,0,6,0,0,0,1,21,84,76,0,3,48,14,6,15,1,0,21,15,0,5,49,39,1,2130,4,0,31,0,-53,0,0,0,0,0,0,0,1,0,0,0,0,0,0,4752
315AL,0,0,0,0,0,0,0,0,0,0,0,0,0,0,0,0,0,0,0,0,0,0,0,0,0,0,0,0,0,0,0,8,36,0,110,0,0,0,0,2,1,0,0,0,92,0,0,0,0,0,0,0,0,0,0,0,0,0,0,0,0,1,0,0,0,0,1,0,0,0,1,0,0,0,0,0,0,0,0,0,0,0,0,0,0,0,0,0,0,0,0,0,0,0,0,0,0,0,0,0,0,0,0,0,0,0,0,0,0,0,0,0,0,0,0,0,0,0,0,0,0,0,0,0,0,0,0,17,0,0,0,8,2,-25,9,1,71,0,13680,0,0,0,0,-166,0,0,0,0,0,0,0,0,0,0,0,0,0,0,13849
322,10,0,0,2,2,1,0,0,33,22,14,22,6,1,75,4,5,15,4,5,9,0,0,1,16,0,1,1,1,0,19,1,12,1,11,1,1,4,11,7,270,9,20,7,0,2240,863,16,2,13,0,25,71,16,6,11,14,26,12,26,13,33,3,0,5,16,5,1,6,2,4,17,5,0,1,0,2,26,0,12,3,2,6,3,1,0,1,2,0,5,2,21,6,0,0,31,0,0,0,20,25,3,8,2,9,8,3,5,22,6,10,30,22,8,3,5,5,1,5,4,31,13,18,0,4,120,119,3,5,8,0,6,45,1,112,34,27,2,329,0,0,0,0,-49,0,0,0,0,0,0,0,0,0,0,0,0,0,0,5231
323,0,0,0,0,0,0,0,0,0,0,0,0,0,0,0,0,0,0,0,0,0,0,0,0,0,0,0,0,0,0,0,0,0,0,0,0,0,0,0,0,0,0,0,0,0,0,6,0,0,0,0,1,0,1,4,3,2,4,6,1,1,3,1,0,1,1,1,0,0,0,0,31,1,0,0,0,1,0,0,0,0,0,5,0,2,7,5,1,0,1,19,2,13,4,9,9,0,0,0,1,1,0,1,0,2,4,1,5,3,3,0,1,102,0,3,2,2,0,1,1,14,0,7,3,0,19,11,0,1,3,0,5,4,0,9,13,9,1,16,0,0,0,0,-1,0,0,0,0,0,0,0,0,0,0,0,0,0,0,393
324,156,66,7,146,77,26,610,63,55,179,85,178,115,53,112,100,23,19,42,9,82,0,27,0,14,0,0,4,0,0,5,0,2,0,5,4,1,3,1,6,27,4,13,2,0,46,13,361,200,89,6,471,14,17,5,35,7,30,2,17,10,28,2,0,31,13,9,20,4,9,2,12,8,72,141,194,558,101,6,54,119,125,1,10,2,1,2,14,1,12,4,72,77,0,0,3,28,1,0,103,49,1,34,2,27,3,13,2,8,33,1,114,40,77,39,5,0,1,5,6,46,25,27,12,22,34,189,27,38,43,0,30,31,62,1777,142,1475,747,7480,0,0,0,0,102,0,0,0,0,0,0,0,0,0,0,0,0,0,0,18252
3251,281,0,0,479,62,35,18,14,16,6,2,13,2,1,0,2,40,243,57,40,131,1,13,2,38,0,3,64,12,0,31,2,32,2,167,90,3,6,26,64,848,52,13,96,1,350,8,459,4509,3656,46,2749,1271,0,4,3,0,15,0,9,8,20,1,0,5,4,3,0,1,1,0,4,0,0,3,0,13,0,0,0,2,0,1,0,1,0,36,23,4,1,0,0,0,0,0,0,0,0,0,1343,0,0,1,4,3,12,65,10,71,0,0,384,101,78,17,197,19,129,10,292,149,14,3,0,4,7,532,36,2,2,0,1422,176,7,821,2645,346,7,692,2056,0,0,0,93,0,0,0,0,0,0,0,0,0,0,0,0,0,0,27968
3252,0,0,0,0,0,0,0,0,0,0,0,0,0,0,0,0,63,82,34,3,40,0,0,0,32,0,1,6,13,0,66,0,0,0,167,3,14,19,201,154,25,0,61,517,3,102,0,0,9,604,0,462,3403,0,0,0,0,0,0,0,0,0,0,0,1,0,0,0,0,0,0,0,0,0,0,0,0,0,0,0,0,0,0,0,0,0,0,0,0,0,0,0,0,0,0,0,0,0,0,0,0,0,4,0,24,0,4,0,0,0,0,0,0,0,0,0,0,0,0,0,5,0,0,0,0,0,0,0,0,0,0,1,0,0,0,0,0,5,0,0,0,0,0,-4,0,0,0,0,0,0,0,0,0,0,0,0,0,0,6124
3254,0,11,0,0,0,0,0,0,0,109,0,0,0,0,0,0,0,0,0,0,0,0,0,0,0,0,0,0,0,0,0,0,0,0,0,0,0,0,0,0,14,0,0,0,0,0,0,0,0,0,31103,0,0,0,0,0,0,0,134,0,0,0,0,0,0,0,0,0,0,0,0,0,0,0,0,0,0,0,0,0,0,0,0,0,0,0,0,0,0,0,0,0,0,0,0,0,0,0,0,0,0,0,0,0,1,0,22495,0,387,993,0,0,0,0,0,115,0,5900,0,83,149,1,0,0,0,0,0,0,0,0,0,62,11,0,1,2,0,0,73211,0,0,0,0,-627,0,0,0,0,0,0,0,0,0,0,0,0,0,0,134155
325X,805,135,88,0,111,69,0,1,124,104,54,151,53,12,111,45,35,17,3,1,307,8,3,1,16,0,0,1,9,0,19,5,188,8,63,4,11,36,11,18,73,5,3,11,9,101,76,333,109,12,0,775,66,0,0,0,3,0,0,1,0,80,1,0,1,0,1,4,0,0,0,0,0,0,0,0,0,0,0,1,0,27,1,1,18,0,2,3,0,7,31,1,6,0,0,9,0,6,0,165,4,6,8,0,33,9,92,7,51,55,18,243,23,33,36,3,3,2,20,24,21,5,46,0,17,1,5,4,461,6,0,147,153,1,72,177,313,63,8008,0,0,0,0,-39,0,0,0,0,0,0,0,0,0,0,0,0,0,0,14700
326,47,17,0,2,63,17,1,0,224,225,103,215,52,33,146,25,55,40,25,10,93,114,90,12,226,2,4,21,34,2,65,48,835,52,235,8,71,31,59,40,225,45,1,11,7,63,149,11,105,24,3,137,450,29,17,13,28,41,34,76,18,91,5,0,31,20,13,7,7,15,6,38,10,34,0,0,37,21,3,1,3,10,5,2,3,25,15,33,2,5,3,1,5,0,0,46,0,0,0,169,89,1,13,1,30,8,210,5,9,5,2,20,28,5,54,108,6,2,3,25,165,21,59,1,11,4,61,44,13,18,0,100,97,3,134,384,168,64,2883,6,0,0,0,34,0,0,0,0,0,0,0,0,0,0,0,0,0,0,10389
4231,0,0,0,0,0,0,0,0,0,0,0,0,0,0,0,0,0,0,0,0,0,0,0,0,0,0,0,0,0,0,0,0,0,0,0,0,0,0,0,0,0,0,0,0,0,0,0,0,0,0,0,0,0,0,0,0,0,0,0,0,0,0,0,0,0,0,0,0,0,0,0,0,0,0,0,0,0,0,0,0,0,0,0,0,0,0,0,0,0,0,0,0,0,0,0,0,0,0,0,0,0,0,0,0,0,0,0,0,0,0,0,0,0,0,0,0,0,0,0,0,0,0,0,0,0,0,0,0,0,0,0,0,0,0,0,0,0,0,0,0,0,0,0,0,0,0,0,0,0,0,0,0,0,0,0,0,0,0,0
4234,0,0,0,0,0,0,0,0,0,0,0,0,0,0,0,0,0,0,0,0,0,0,0,0,0,0,0,0,0,0,0,0,0,0,0,0,0,0,0,0,0,0,0,0,0,0,0,0,0,0,0,0,0,0,0,0,0,0,0,0,0,0,0,0,0,0,0,0,0,0,0,0,0,0,0,0,0,0,0,0,0,0,0,0,0,0,0,0,0,0,0,0,0,0,0,0,0,0,0,0,0,0,0,0,0,0,0,0,0,0,0,0,0,0,0,0,0,0,0,0,0,0,0,0,0,0,0,0,0,0,0,0,0,0,0,0,0,0,0,0,0,0,0,0,0,0,0,0,0,0,0,0,0,0,0,0,0,0,0
4236,0,0,0,0,0,0,0,0,0,0,0,0,0,0,0,0,0,0,0,0,0,0,0,0,0,0,0,0,0,0,0,0,0,0,0,0,0,0,0,0,0,0,0,0,0,0,0,0,0,0,0,0,0,0,0,0,0,0,0,0,0,0,0,0,0,0,0,0,0,0,0,0,0,0,0,0,0,0,0,0,0,0,0,0,0,0,0,0,0,0,0,0,0,0,0,0,0,0,0,0,0,0,0,0,0,0,0,0,0,0,0,0,0,0,0,0,0,0,0,0,0,0,0,0,0,0,0,0,0,0,0,0,0,0,0,0,0,0,0,0,0,0,0,0,0,0,0,0,0,0,0,0,0,0,0,0,0,0,0
4238,0,0,0,0,0,0,0,0,0,0,0,0,0,0,0,0,0,0,0,0,0,0,0,0,0,0,0,0,0,0,0,0,0,0,0,0,0,0,0,0,0,0,0,0,0,0,0,0,0,0,0,0,0,0,0,0,0,0,0,0,0,0,0,0,0,0,0,0,0,0,0,0,0,0,0,0,0,0,0,0,0,0,0,0,0,0,0,0,0,0,0,0,0,0,0,0,0,0,0,0,0,0,0,0,0,0,0,0,0,0,0,0,0,0,0,0,0,0,0,0,0,0,0,0,0,0,0,0,0,0,0,0,0,0,0,0,0,0,0,0,0,0,0,0,0,0,0,0,0,0,0,0,0,0,0,0,0,0,0
423X,0,0,0,0,0,0,0,0,0,0,0,0,0,0,0,0,0,0,0,0,0,0,0,0,0,0,0,0,0,0,0,0,0,0,0,0,0,0,0,0,0,0,0,0,0,0,0,0,0,0,0,0,0,0,0,0,0,0,0,0,0,0,0,0,0,0,0,0,0,0,0,0,0,0,0,0,0,0,0,0,0,0,0,0,0,0,0,0,0,0,0,0,0,0,0,0,0,0,0,0,0,0,0,0,0,0,0,0,0,0,0,0,0,0,0,0,0,0,0,0,0,0,0,0,0,0,0,0,0,0,0,0,0,0,0,0,0,0,0,0,0,0,0,0,0,0,0,0,0,0,0,0,0,0,0,0,0,0,0
4242,0,0,0,0,0,0,0,0,0,0,0,0,0,0,0,0,0,0,0,0,0,0,0,0,0,0,0,0,0,0,0,0,0,0,0,0,0,0,0,0,0,0,0,0,0,0,0,0,0,0,0,0,0,0,0,0,0,0,0,0,0,0,0,0,0,0,0,0,0,0,0,0,0,0,0,0,0,0,0,0,0,0,0,0,0,0,0,0,0,0,0,0,0,0,0,0,0,0,0,0,0,0,0,0,0,0,0,0,0,0,0,0,0,0,0,0,0,0,0,0,0,0,0,0,0,0,0,0,0,0,0,0,0,0,0,0,0,0,0,0,0,0,0,0,0,0,0,0,0,0,0,0,0,0,0,0,0,0,0
4244,0,0,0,0,0,0,0,0,0,0,0,0,0,0,0,0,0,0,0,0,0,0,0,0,0,0,0,0,0,0,0,0,0,0,0,0,0,0,0,0,0,0,0,0,0,0,0,0,0,0,0,0,0,0,0,0,0,0,0,0,0,0,0,0,0,0,0,0,0,0,0,0,0,0,0,0,0,0,0,0,0,0,0,0,0,0,0,0,0,0,0,0,0,0,0,0,0,0,0,0,0,0,0,0,0,0,0,0,0,0,0,0,0,0,0,0,0,0,0,0,0,0,0,0,0,0,0,0,0,0,0,0,0,0,0,0,0,0,0,0,0,0,0,0,0,0,0,0,0,0,0,0,0,0,0,0,0,0,0
4247,0,0,0,0,0,0,0,0,0,0,0,0,0,0,0,0,0,0,0,0,0,0,0,0,0,0,0,0,0,0,0,0,0,0,0,0,0,0,0,0,0,0,0,0,0,0,0,0,0,0,0,0,0,0,0,0,0,0,0,0,0,0,0,0,0,0,0,0,0,0,0,0,0,0,0,0,0,0,0,0,0,0,0,0,0,0,0,0,0,0,0,0,0,0,0,0,0,0,0,0,0,0,0,0,0,0,0,0,0,0,0,0,0,0,0,0,0,0,0,0,0,0,0,0,0,0,0,0,0,0,0,0,0,0,0,0,0,0,0,0,0,0,0,0,0,0,0,0,0,0,0,0,0,0,0,0,0,0,0
424X,0,0,0,0,0,0,0,0,0,0,0,0,0,0,0,0,0,0,0,0,0,0,0,0,0,0,0,0,0,0,0,0,0,0,0,0,0,0,0,0,0,0,0,0,0,0,0,0,0,0,0,0,0,0,0,0,0,0,0,0,0,0,0,0,0,0,0,0,0,0,0,0,0,0,0,0,0,0,0,0,0,0,0,0,0,0,0,0,0,0,0,0,0,0,0,0,0,0,0,0,0,0,0,0,0,0,0,0,0,0,0,0,0,0,0,0,0,0,0,0,0,0,0,0,0,0,0,0,0,0,0,0,0,0,0,0,0,0,0,0,0,0,0,0,0,0,0,0,0,0,0,0,0,0,0,0,0,0,0
425,0,0,0,0,0,0,0,0,0,0,0,0,0,0,0,0,0,0,0,0,0,0,0,0,0,0,0,0,0,0,0,0,0,0,0,0,0,0,0,0,0,0,0,0,0,0,0,0,0,0,0,0,0,0,0,0,0,0,0,0,0,0,0,0,0,0,0,0,0,0,0,0,0,0,0,0,0,0,0,0,0,0,0,0,0,0,0,0,0,0,0,0,0,0,0,0,0,0,0,0,0,0,0,0,0,0,0,0,0,0,0,0,0,0,0,0,0,0,0,0,0,0,0,0,0,0,0,0,0,0,0,0,0,0,0,0,0,0,0,0,0,0,0,0,0,0,0,0,0,0,0,0,0,0,0,0,0,0,0
42ID,0,0,0,0,0,0,0,0,0,0,0,0,0,0,0,0,0,0,0,0,0,0,0,0,0,0,0,0,0,0,0,0,0,0,0,0,0,0,0,0,0,0,0,0,0,0,0,0,0,0,0,0,0,0,0,0,0,0,0,0,0,0,0,0,0,0,0,0,0,0,0,0,0,0,0,0,0,0,0,0,0,0,0,0,0,0,0,0,0,0,0,0,0,0,0,0,0,0,0,0,0,0,0,0,0,0,0,0,0,0,0,0,0,0,0,0,0,0,0,0,0,0,0,0,0,0,0,0,0,0,0,0,0,0,0,0,0,0,0,0,0,0,0,0,0,0,0,0,0,0,0,0,0,0,0,0,0,0,0
441,0,0,0,0,0,0,0,0,0,0,0,0,0,0,0,0,0,0,0,0,0,0,0,0,0,0,0,0,0,0,0,0,0,0,0,0,0,0,0,0,0,0,0,0,0,0,0,0,0,0,0,0,0,0,0,0,0,0,0,0,0,0,0,0,0,0,0,0,0,0,0,0,0,0,0,0,0,0,0,0,0,0,0,0,0,0,0,0,0,0,0,0,0,0,0,0,0,0,0,0,0,0,0,0,0,0,0,0,0,0,0,0,0,0,0,0,0,0,0,0,0,0,0,0,0,0,0,0,0,0,0,0,0,0,0,0,0,0,0,0,0,0,0,0,0,0,0,0,0,0,0,0,0,0,0,0,0,0,0
445,0,0,0,0,0,0,0,0,0,0,0,0,0,0,0,0,0,0,0,0,0,0,0,0,0,0,0,0,0,0,0,0,0,0,0,0,0,0,0,0,0,0,0,0,0,0,0,0,0,0,0,0,0,0,0,0,0,0,0,0,0,0,0,0,0,0,0,0,0,0,0,0,0,0,0,0,0,0,0,0,0,0,0,0,0,0,0,0,0,0,0,0,0,0,0,0,0,0,0,0,0,0,0,0,0,0,0,0,0,0,0,0,0,0,0,0,0,0,0,0,0,0,0,0,0,0,0,0,0,0,0,0,0,0,0,0,0,0,0,0,0,0,0,0,0,0,0,0,0,0,0,0,0,0,0,0,0,0,0
452,0,0,0,0,0,0,0,0,0,0,0,0,0,0,0,0,0,0,0,0,0,0,0,0,0,0,0,0,0,0,0,0,0,0,0,0,0,0,0,0,0,0,0,0,0,0,0,0,0,0,0,0,0,0,0,0,0,0,0,0,0,0,0,0,0,0,0,0,0,0,0,0,0,0,0,0,0,0,0,0,0,0,0,0,0,0,0,0,0,0,0,0,0,0,0,0,0,0,0,0,0,0,0,0,0,0,0,0,0,0,0,0,0,0,0,0,0,0,0,0,0,0,0,0,0,0,0,0,0,0,0,0,0,0,0,0,0,0,0,0,0,0,0,0,0,0,0,0,0,0,0,0,0,0,0,0,0,0,0
444,0,0,0,0,0,0,0,0,0,0,0,0,0,0,0,0,0,0,0,0,0,0,0,0,0,0,0,0,0,0,0,0,0,0,0,0,0,0,0,0,0,0,0,0,0,0,0,0,0,0,0,0,0,0,0,0,0,0,0,0,0,0,0,0,0,0,0,0,0,0,0,0,0,0,0,0,0,0,0,0,0,0,0,0,0,0,0,0,0,0,0,0,0,0,0,0,0,0,0,0,0,0,0,0,0,0,0,0,0,0,0,0,0,0,0,0,0,0,0,0,0,0,0,0,0,0,0,0,0,0,0,0,0,0,0,0,0,0,0,0,0,0,0,0,0,0,0,0,0,0,0,0,0,0,0,0,0,0,0
446,0,0,0,0,0,0,0,0,0,0,0,0,0,0,0,0,0,0,0,0,0,0,0,0,0,0,0,0,0,0,0,0,0,0,0,0,0,0,0,0,0,0,0,0,0,0,0,0,0,0,0,0,0,0,0,0,0,0,0,0,0,0,0,0,0,0,0,0,0,0,0,0,0,0,0,0,0,0,0,0,0,0,0,0,0,0,0,0,0,0,0,0,0,0,0,0,0,0,0,0,0,0,0,0,0,0,0,0,0,0,0,0,0,0,0,0,0,0,0,0,0,0,0,0,0,0,0,0,0,0,0,0,0,0,0,0,0,0,0,0,0,0,0,0,0,0,0,0,0,0,0,0,0,0,0,0,0,0,0
447,0,0,0,0,0,0,0,0,0,0,0,0,0,0,0,0,0,0,0,0,0,0,0,0,0,0,0,0,0,0,0,0,0,0,0,0,0,0,0,0,0,0,0,0,0,0,0,0,0,0,0,0,0,0,0,0,0,0,0,0,0,0,0,0,0,0,0,0,0,0,0,0,0,0,0,0,0,0,0,0,0,0,0,0,0,0,0,0,0,0,0,0,0,0,0,0,0,0,0,0,0,0,0,0,0,0,0,0,0,0,0,0,0,0,0,0,0,0,0,0,0,0,0,0,0,0,0,0,0,0,0,0,0,0,0,0,0,0,0,0,0,0,0,0,0,0,0,0,0,0,0,0,0,0,0,0,0,0,0
448,0,0,0,0,0,0,0,0,0,0,0,0,0,0,0,0,0,0,0,0,0,0,0,0,0,0,0,0,0,0,0,0,0,0,0,0,0,0,0,0,0,0,0,0,0,0,0,0,0,0,0,0,0,0,0,0,0,0,0,0,0,0,0,0,0,0,0,0,0,0,0,0,0,0,0,0,0,0,0,0,0,0,0,0,0,0,0,0,0,0,0,0,0,0,0,0,0,0,0,0,0,0,0,0,0,0,0,0,0,0,0,0,0,0,0,0,0,0,0,0,0,0,0,0,0,0,0,0,0,0,0,0,0,0,0,0,0,0,0,0,0,0,0,0,0,0,0,0,0,0,0,0,0,0,0,0,0,0,0
454,0,0,0,0,0,0,0,0,0,0,0,0,0,0,0,0,0,0,0,0,0,0,0,0,0,0,0,0,0,0,0,0,0,0,0,0,0,0,0,0,0,0,0,0,0,0,0,0,0,0,0,0,0,0,0,0,0,0,0,0,0,0,0,0,0,0,0,0,0,0,0,0,0,0,0,0,0,0,0,0,0,0,0,0,0,0,0,0,0,0,0,0,0,0,0,0,0,0,0,0,0,0,0,0,0,0,0,0,0,0,0,0,0,0,0,0,0,0,0,0,0,0,0,0,0,0,0,0,0,0,0,0,0,0,0,0,0,0,0,0,0,0,0,0,0,0,0,0,0,0,0,0,0,0,0,0,0,0,0
4A0X,0,0,0,0,0,0,0,0,0,0,0,0,0,0,0,0,0,0,0,0,0,0,0,0,0,0,0,0,0,0,0,0,0,0,0,0,0,0,0,0,0,0,0,0,0,0,0,0,0,0,0,0,0,0,0,0,0,0,0,0,0,0,0,0,0,0,0,0,0,0,0,0,0,0,0,0,0,0,0,0,0,0,0,0,0,0,0,0,0,0,0,0,0,0,0,0,0,0,0,0,0,0,0,0,0,0,0,0,0,0,0,0,0,0,0,0,0,0,0,0,0,0,0,0,0,0,0,0,0,0,0,0,0,0,0,0,0,0,0,0,0,0,0,0,0,0,0,0,0,0,0,0,0,0,0,0,0,0,0
481,0,0,0,0,1,12,43,20,0,37,0,0,0,0,0,0,20,23,14,7,34,2,1,2,17,0,0,0,2,0,3,1,7,0,17,3,4,10,8,6,42,5,2,1,0,16,16,8,10,4,0,3,34,284,19,2,11,57,11,119,0,116,0,0,18,1,4,1,0,1,0,0,0,0,5,0,0,0,1,7,0,1,14,34,21,3,8,36,14,210,54,838,319,0,3,15,43,0,1,1413,198,88,532,80,138,93,59,50,61,39,204,73,176,47,86,317,19,13,19,34,25,30,86,13,21,20,351,6,13,54,0,0,428,10,104,87,153,9,20838,0,0,0,0,0,0,0,0,0,0,0,0,0,0,0,0,0,0,0,28693
482,0,0,0,0,0,0,0,0,0,0,0,0,0,0,0,0,0,0,0,0,0,0,0,0,0,0,0,0,0,0,0,0,0,0,0,0,0,0,0,0,0,0,0,0,0,0,0,0,0,0,0,0,0,0,0,0,0,0,0,0,0,0,0,0,0,0,0,0,0,0,0,0,0,0,0,0,0,0,0,0,0,0,0,0,0,0,0,0,0,0,0,0,0,0,0,0,0,0,0,0,0,0,0,0,0,0,0,0,0,0,0,0,0,0,0,0,0,0,0,0,0,0,0,0,0,0,0,0,0,0,0,0,0,0,0,0,0,0,0,0,0,0,0,0,0,0,0,0,0,0,0,0,0,0,0,0,0,0,0
483,0,0,0,0,0,0,0,0,0,0,0,0,0,0,0,0,0,0,0,0,0,0,0,0,0,0,0,0,0,0,0,0,0,0,0,0,0,0,0,0,0,0,0,0,0,0,0,0,0,0,0,0,0,0,0,0,0,0,0,0,0,0,0,0,0,0,0,0,0,0,0,0,0,0,0,0,0,0,0,0,0,0,0,0,0,0,0,0,0,0,0,0,0,0,0,0,0,0,0,0,0,0,0,0,0,0,0,0,0,0,0,0,0,0,0,0,0,0,0,0,0,0,0,0,0,0,0,0,0,0,0,0,0,0,0,0,0,0,0,0,0,0,0,0,0,0,0,0,0,0,0,0,0,0,0,0,0,0,0
484,0,0,0,0,0,0,0,0,0,0,0,0,0,0,0,0,0,0,0,0,0,0,0,0,0,0,0,0,0,0,0,0,0,0,0,0,0,0,0,0,0,0,0,0,0,0,0,0,0,0,0,0,0,0,0,0,0,0,0,0,0,0,0,0,0,0,0,0,0,0,0,0,0,0,0,0,0,0,0,0,0,0,0,0,0,0,0,0,0,0,0,0,0,0,0,0,0,0,0,0,0,0,0,0,0,0,0,0,0,0,0,0,0,0,0,0,0,0,0,0,0,0,0,0,0,0,0,0,0,0,0,0,0,0,0,0,0,0,0,0,0,0,0,0,0,0,0,0,0,0,0,0,0,0,0,0,0,0,0
485,0,0,0,0,0,0,0,0,0,0,0,0,0,0,0,0,0,0,0,0,0,0,0,0,0,0,0,0,0,0,0,0,0,0,0,0,0,0,0,0,0,0,0,0,0,0,0,0,0,0,0,0,0,0,0,0,0,0,0,0,0,0,0,0,0,0,0,0,0,0,0,0,0,0,0,0,0,0,0,0,0,0,0,0,0,0,0,0,0,0,0,0,0,0,0,0,0,0,0,0,0,0,0,0,0,0,0,0,0,0,0,0,0,0,0,0,0,0,0,0,0,0,0,0,0,0,0,0,0,0,0,0,0,0,0,0,0,0,0,0,0,0,0,0,0,0,0,0,0,0,0,0,0,0,0,0,0,0,0
486,0,0,0,0,0,0,0,0,0,0,0,0,0,0,0,0,0,0,0,0,0,0,0,0,0,0,0,0,0,0,0,0,0,0,0,0,0,0,0,0,0,0,0,0,0,0,0,0,0,0,0,0,0,0,0,0,0,0,0,0,0,0,0,0,0,0,0,0,0,0,0,0,0,0,0,0,0,0,0,0,0,0,0,0,0,0,0,0,0,0,0,0,0,0,0,0,0,0,0,0,0,0,0,0,0,0,0,0,0,0,0,0,0,0,0,0,0,0,0,0,0,0,0,0,0,0,0,0,0,0,0,0,0,0,0,0,0,0,0,0,0,0,0,0,0,0,0,0,0,0,0,0,0,0,0,0,0,0,0
48A,0,0,0,0,0,0,0,0,0,0,0,0,0,0,0,0,0,0,0,0,0,0,0,0,0,0,0,0,0,0,0,0,0,0,0,0,0,0,0,0,0,0,0,0,0,0,0,0,0,0,0,0,0,0,0,0,0,0,0,0,0,0,0,0,0,0,0,0,0,0,0,0,0,0,0,0,0,0,0,0,0,0,0,0,0,0,0,0,0,0,0,0,0,0,0,0,0,0,0,0,0,0,0,0,0,0,0,0,0,0,0,0,0,0,0,0,0,0,0,0,0,0,0,0,0,0,0,0,0,0,0,0,0,0,0,0,0,0,0,0,0,0,0,0,0,0,0,0,0,0,0,0,0,0,0,0,0,0,0
492,0,0,0,0,0,0,0,0,0,0,0,0,0,0,0,0,0,0,0,0,0,0,0,0,0,0,0,0,0,0,0,0,0,0,0,0,0,0,0,0,0,0,0,0,0,0,0,0,0,0,0,0,0,0,0,0,0,0,0,0,0,0,0,0,0,0,0,0,0,0,0,0,0,0,0,0,0,0,0,0,0,0,0,0,0,0,0,0,0,0,0,0,0,0,0,0,0,0,0,0,0,0,0,0,0,0,0,0,0,0,0,0,0,0,0,0,0,0,0,0,0,0,0,0,0,0,0,0,0,0,0,0,0,0,0,0,0,0,0,0,0,0,0,0,0,0,0,0,0,0,0,0,0,0,0,0,0,0,0
493,0,0,0,0,0,0,0,0,0,0,0,0,0,0,0,0,0,0,0,0,0,0,0,0,0,0,0,0,0,0,0,0,0,0,0,0,0,0,0,0,0,0,0,0,0,0,0,0,0,0,0,0,0,0,0,0,0,0,0,0,0,0,0,0,0,0,0,0,0,0,0,0,0,0,0,0,0,0,0,0,0,0,0,0,0,0,0,0,0,0,0,0,0,0,0,0,0,0,0,0,0,0,0,0,0,0,0,0,0,0,0,0,0,0,0,0,0,0,0,0,0,0,0,0,0,0,0,0,0,0,0,0,0,0,0,0,0,0,0,0,0,0,0,0,0,0,0,0,0,0,0,0,0,0,0,0,0,0,0
5111,0,0,0,0,0,0,0,0,0,0,0,0,0,0,0,0,0,0,0,0,0,0,0,0,0,0,0,0,0,0,0,0,0,0,0,0,0,0,0,0,0,0,0,0,0,0,0,0,0,0,0,0,0,0,0,0,0,2,0,1,0,0,1,0,0,0,0,0,0,0,0,0,0,0,0,0,0,0,0,12,0,0,0,0,0,0,0,1,0,1,0,3,2,0,0,0,0,0,0,6,13,4,2,2,1,4,7,0,1,4,0,1,3,0,6,5,0,0,11,1,3,1,14,0,0,1,3,0,2,1,0,0,17,0,83,2,2,0,787,0,0,0,0,-11,0,0,0,0,0,0,0,0,0,0,0,0,0,0,999
5112,1,0,0,1,0,0,3,4,2,5,2,10,4,2,4,2,1,0,0,0,2,0,0,0,1,0,0,0,0,0,0,0,0,0,0,7,0,0,0,0,0,0,0,0,0,0,1,0,0,0,0,0,0,4,14,25,16,22,2,4,2,7,0,0,16,1,7,3,2,1,1,11,3,0,2,0,1,1,0,0,0,3,4,3,1,1,3,7,4,48,33,13,27,10,1,8,2,0,0,21,3,24,28,3,10,9,16,5,12,7,21,13,30,1,16,7,1,0,2,1,55,3,11,2,3,3,4,2,4,6,0,0,20,0,49,39,63,11,-8,0,-15,0,0,0,0,0,0,0,-1,0,0,0,-1,0,0,0,-2,0,843
512,0,0,0,0,0,0,0,0,0,0,0,0,0,0,0,0,0,0,0,0,0,0,0,0,0,0,0,0,0,0,0,0,0,0,0,0,0,0,0,0,0,0,0,0,0,0,0,0,0,0,0,0,0,1,0,0,0,6,0,0,0,0,0,0,30,15,0,0,0,0,0,0,0,0,0,0,0,0,3,2,0,0,0,18,2818,1301,2275,2,0,2,0,4,3,0,0,0,0,0,0,9,9,1,5,0,0,2,1,93,34,19,0,3,5,0,51,4,1,0,1,0,1,49,128,22,4,54,173,0,8,12,0,1,22,0,10,4,20,0,277,0,0,0,0,-13,0,0,0,0,0,0,0,0,0,0,0,0,0,0,7490
515,0,0,0,0,0,0,0,0,0,0,0,0,0,0,0,0,0,0,0,0,0,0,0,0,0,0,0,0,0,0,0,0,0,0,0,0,0,0,0,0,0,0,0,0,0,0,0,0,0,0,0,0,0,0,0,0,0,0,0,0,0,0,0,0,0,0,0,0,0,0,0,0,0,0,0,0,0,0,0,0,0,0,0,0,0,0,0,0,0,0,0,0,0,0,0,0,0,0,0,0,0,0,0,0,0,0,0,0,0,0,0,0,0,0,0,0,0,0,0,0,0,0,0,0,0,0,0,0,0,0,0,0,0,0,0,0,0,0,0,0,0,0,0,0,0,0,0,0,0,0,0,0,0,0,0,0,0,0,0
5171,0,0,0,0,0,0,0,0,0,0,0,0,0,0,0,0,0,0,0,0,0,0,0,0,0,0,0,0,0,0,0,0,0,0,0,0,0,0,0,0,0,0,0,0,0,0,0,0,0,0,0,0,0,0,0,0,0,0,0,0,0,0,0,0,0,0,0,0,0,0,0,0,0,0,0,0,0,0,0,0,0,0,0,0,0,0,2,1,1,0,1,0,0,0,0,0,0,0,0,0,0,0,0,0,0,0,0,0,0,0,0,0,0,0,0,0,0,0,0,0,0,0,0,0,0,0,0,0,0,0,0,0,0,0,2,1,1,0,14,0,0,0,0,0,0,0,0,0,0,0,0,0,0,0,0,0,0,0,23
5172,0,0,0,0,0,0,0,0,0,0,0,0,0,0,0,0,0,0,0,0,0,0,0,0,0,0,0,0,0,0,0,0,0,0,0,0,0,0,0,0,0,0,0,0,0,0,0,0,0,0,0,0,0,0,0,0,0,0,0,0,0,0,0,0,0,0,0,0,0,0,0,0,0,0,0,0,0,0,0,0,0,0,0,0,0,0,0,0,0,0,0,0,0,0,0,0,0,0,0,0,0,0,0,0,0,0,0,0,0,0,0,0,0,0,0,0,0,0,0,0,0,0,0,0,0,0,0,0,0,0,0,0,0,0,0,0,0,0,0,0,0,0,0,0,0,0,0,0,0,0,0,0,0,0,0,0,0,0,0
5174OT,0,0,0,0,0,0,0,0,0,0,0,0,0,0,0,0,0,0,0,0,0,0,0,0,0,0,0,0,0,0,0,0,0,0,0,0,0,0,0,0,0,0,0,0,0,0,0,0,0,0,0,0,0,0,0,0,0,0,0,0,0,0,0,0,0,0,0,0,0,0,0,0,0,0,0,0,0,0,0,0,0,0,0,0,0,0,0,0,0,0,0,0,0,0,0,0,0,0,0,0,0,0,0,0,0,0,0,0,0,0,0,0,0,0,0,0,0,0,0,0,0,0,0,0,0,0,0,0,0,0,0,0,0,0,0,0,0,0,1,0,0,0,0,0,0,0,0,0,0,0,0,0,0,0,0,0,0,0,1
518,0,0,0,0,0,0,5,0,0,1,0,1,1,0,1,0,1,1,0,0,2,0,0,0,1,0,0,0,0,0,0,0,0,0,0,2,0,0,0,0,1,0,0,0,0,1,0,0,0,0,0,0,0,0,1,1,1,1,0,1,0,1,0,0,8,2,1,2,1,3,1,9,2,1,0,0,0,1,0,1,1,0,1,3,0,0,1,3,0,5,4,26,8,0,1,3,4,0,0,2,1,4,9,1,2,3,6,2,2,2,9,4,16,2,2,1,0,0,0,0,4,0,1,1,2,1,20,1,2,5,0,0,8,0,3,14,24,2,4,0,3,0,0,0,0,0,0,0,0,0,0,0,0,0,0,0,0,0,279
519,0,0,0,0,0,0,0,0,0,0,0,0,0,0,0,0,0,0,0,0,0,0,0,0,0,0,0,0,0,0,0,0,0,0,0,0,0,0,0,0,0,0,0,0,0,0,0,0,0,0,0,0,0,0,0,0,0,0,0,0,0,0,0,0,4,2,4,0,1,1,0,2,1,0,0,0,0,0,0,0,0,0,1,1,0,0,0,2,0,3,40,0,0,1,5,0,4,0,0,1,9,6,5,3,3,15,3,4,24,4,5,4,42,2,42,6,0,0,0,1,8,1,3,2,2,2,25,0,26,2,0,0,0,0,5,2,4,7,277,0,0,0,0,0,0,0,0,0,0,0,0,0,0,0,0,0,0,0,617
521CI,19,18,3,17,4,3,47,14,12,17,11,20,16,7,13,9,7,6,6,5,14,1,1,1,8,3,4,6,8,0,9,1,15,1,8,9,2,5,9,8,27,13,8,2,7,8,4,12,14,7,5,13,14,9,14,10,13,13,11,9,7,16,6,0,36,7,6,4,5,3,4,8,6,11,12,1,14,4,37,12,8,2,16,43,94,18,24,22,4,31,45,157,332,1,5,1,81,606,39,630,39,8,22,15,27,15,50,13,18,86,14,14,17,8,4,16,4,2,4,5,12,3,5,7,10,38,39,10,10,10,0,0,61,0,0,0,119,0,2025,0,0,0,0,0,0,0,0,0,0,0,0,0,0,0,0,0,0,0,5668
523,0,0,0,0,0,0,0,0,0,0,0,0,0,0,0,0,0,0,0,0,0,0,0,0,0,0,0,0,0,0,0,0,0,0,0,0,0,0,0,0,0,0,0,0,0,0,0,0,0,0,0,0,0,0,0,0,0,0,0,0,0,0,0,0,0,0,0,0,0,0,0,0,0,0,0,0,0,0,0,0,0,0,0,0,0,0,0,0,0,0,0,0,4,0,0,0,0,0,0,0,0,0,0,0,0,0,0,0,0,1,0,0,0,0,0,0,0,0,0,0,0,0,0,0,0,0,0,0,0,0,0,0,0,0,0,0,0,0,1,0,0,0,0,0,0,0,0,0,0,0,0,0,0,0,0,0,0,0,6
524113,0,0,0,0,0,0,0,0,0,0,0,0,0,0,0,0,0,0,0,0,0,0,0,0,0,0,0,0,0,0,0,0,0,0,0,0,0,0,0,0,0,0,0,0,0,0,0,0,0,0,0,0,0,0,0,0,0,0,0,0,0,0,0,0,0,0,0,0,0,0,0,0,0,0,0,0,0,0,0,0,0,0,0,0,0,0,0,0,0,0,0,0,0,0,0,0,0,0,0,0,0,0,0,0,0,0,0,0,0,0,0,0,0,0,0,0,0,0,0,0,0,0,0,0,0,0,0,0,0,0,0,0,0,0,0,0,0,0,0,0,0,0,0,0,0,0,0,0,0,0,0,0,0,0,0,0,0,0,0
5241XX,7,3,7,74,4,23,5,3,0,4,0,0,0,0,0,0,1,5,1,3,4,0,0,0,4,0,0,0,0,0,4,1,15,1,5,2,13,1,1,1,14,6,4,1,0,1,1,1,2,1,2,5,3,40,60,80,63,67,76,47,53,54,22,0,49,14,17,10,7,16,4,29,9,15,0,13,363,46,5,20,6,29,2,3,10,0,2,1,9,6,8,0,114,2298,14577,5,3,0,1,672,191,34,37,28,37,22,19,8,15,2,10,52,34,19,28,150,7,9,22,33,303,69,197,33,33,19,157,5,12,26,0,0,28,1,30,37,6,39,1163,0,0,0,0,0,0,0,0,0,0,0,0,0,0,0,0,0,0,0,22073
5242,0,0,0,0,0,0,0,0,0,0,0,0,0,0,0,0,0,0,0,0,0,0,0,0,0,0,0,0,0,0,0,0,0,0,0,0,0,0,0,0,0,0,0,0,0,0,0,0,0,0,0,0,0,0,0,0,0,0,0,0,0,0,0,0,0,0,0,0,0,0,0,0,0,0,0,0,0,0,0,0,0,0,0,0,0,0,0,0,0,0,0,0,0,0,0,0,0,0,0,0,0,0,0,0,0,0,0,0,0,0,0,0,0,0,0,0,0,0,0,0,0,0,0,0,0,0,0,0,0,0,0,0,0,0,0,0,0,0,0,0,0,0,0,0,0,0,0,0,0,0,0,0,0,0,0,0,0,0,0
525,0,0,0,0,0,0,0,0,0,0,0,0,0,0,0,0,0,0,0,0,0,0,0,0,0,0,0,0,0,0,0,0,0,0,0,0,0,0,0,0,0,0,0,0,0,0,0,0,0,0,0,0,0,0,0,0,0,0,0,0,0,0,0,0,0,0,0,0,0,0,0,0,0,0,0,0,0,0,0,0,0,0,0,0,0,0,0,0,0,0,0,0,0,0,0,0,0,0,0,0,0,0,0,0,0,0,0,0,0,0,0,0,0,0,0,0,0,0,0,0,0,0,0,0,0,0,0,0,0,0,0,0,0,0,0,0,0,0,0,0,0,0,0,0,0,0,0,0,0,0,0,0,0,0,0,0,0,0,0
HSO,0,0,0,0,0,0,0,0,0,0,0,0,0,0,0,0,0,0,0,0,0,0,0,0,0,0,0,0,0,0,0,0,0,0,0,0,0,0,0,0,0,0,0,0,0,0,0,0,0,0,0,0,0,0,0,0,0,0,0,0,0,0,0,0,0,0,0,0,0,0,0,0,0,0,0,0,0,0,0,0,0,0,0,0,0,0,0,0,0,0,0,0,0,0,0,0,0,0,0,0,0,0,0,0,0,0,0,0,0,0,0,0,0,0,0,0,0,0,0,0,0,0,0,0,0,0,0,0,0,0,0,0,0,0,0,0,0,0,0,0,0,0,0,0,0,0,0,0,0,0,0,0,0,0,0,0,0,0,0
HST,0,0,0,0,0,0,0,0,0,0,0,0,0,0,0,0,0,0,0,0,0,0,0,0,0,0,0,0,0,0,0,0,0,0,0,0,0,0,0,0,0,0,0,0,0,0,0,0,0,0,0,0,0,0,0,0,0,0,0,0,0,0,0,0,0,0,0,0,0,0,0,0,0,0,0,0,0,0,0,0,0,0,0,0,0,0,0,0,0,0,0,0,0,0,0,0,0,0,0,0,0,0,0,0,0,0,0,0,0,0,0,0,0,0,0,0,0,0,0,0,0,0,0,0,0,0,0,0,0,0,0,0,0,0,0,0,0,0,0,0,0,0,0,0,0,0,0,0,0,0,0,0,0,0,0,0,0,0,0
ORE,0,0,0,0,0,0,0,0,0,0,0,0,0,0,0,0,0,0,0,0,0,0,0,0,0,0,0,0,0,0,0,0,0,0,0,0,0,0,0,0,0,0,0,0,0,0,0,0,0,0,0,0,0,0,0,0,0,0,0,0,0,0,0,0,0,0,0,0,0,0,0,0,0,0,0,0,0,0,0,0,0,0,0,0,0,0,0,0,0,0,0,0,0,0,0,0,0,0,0,0,0,0,0,0,0,0,0,0,0,0,0,0,0,0,0,0,0,0,0,0,0,0,0,0,0,0,0,0,0,0,0,0,0,0,0,0,0,0,0,0,0,0,0,0,0,0,0,0,0,0,0,0,0,0,0,0,0,0,0
532RL,0,0,0,0,0,0,0,0,0,0,0,0,0,0,0,0,0,0,0,0,0,0,0,0,0,0,0,0,0,0,0,0,0,0,0,0,0,0,0,0,0,0,0,0,0,0,0,0,0,0,0,0,0,0,0,0,0,0,0,0,0,0,0,0,0,0,0,0,0,0,0,0,0,0,0,0,0,0,0,0,0,0,0,0,0,0,0,0,0,0,0,0,0,0,0,0,0,0,0,0,0,0,0,0,0,0,0,0,0,0,0,0,0,0,0,0,0,0,0,0,0,0,0,0,0,0,0,0,0,0,0,0,0,0,0,0,0,0,0,0,0,0,0,0,0,0,0,0,0,0,0,0,0,0,0,0,0,0,0
5411,1,1,0,9,3,1,35,9,2,13,6,17,14,2,9,7,4,4,4,2,15,0,0,0,7,0,1,0,1,0,1,0,9,0,2,3,1,2,5,5,10,1,1,1,1,7,3,4,3,1,0,2,10,7,20,36,19,22,15,12,6,23,3,0,7,6,6,3,6,4,2,29,4,2,3,2,3,3,1,4,1,2,4,26,7,5,6,10,3,19,35,49,130,22,63,28,22,20,0,108,14,20,32,9,13,15,240,4,14,85,23,21,24,5,5,18,3,5,4,14,180,12,11,23,30,6,33,12,15,34,0,0,2,1,36,37,97,9,1023,0,0,68,0,0,0,0,0,0,0,0,0,0,0,0,0,0,0,0,3244
5415,10,3,1,161,9,1,34,38,21,46,22,53,44,12,38,25,10,9,5,4,39,1,1,0,44,0,1,1,6,0,3,0,3,0,13,77,5,6,7,5,27,3,13,2,1,8,11,13,2,1,1,4,14,41,102,179,114,162,23,54,22,92,5,0,181,25,63,28,27,28,17,109,30,7,29,2,29,18,1,11,0,10,118,120,18,12,31,70,19,351,275,292,316,76,85,88,41,27,0,179,30,149,429,32,51,101,154,54,55,63,138,93,343,21,123,104,10,7,23,19,227,40,83,22,54,37,222,32,44,62,0,179,461,6,286,301,568,157,0,2300,5420,0,0,0,0,0,0,24,242,0,0,0,729,0,0,13,151,0,18044
5412,8,8,1,11,4,1,20,29,3,18,9,20,18,3,13,10,10,11,7,5,21,1,0,1,10,0,1,0,1,0,7,0,3,0,8,8,2,8,5,6,21,10,0,3,1,13,5,8,4,2,0,5,17,12,33,71,60,64,17,33,10,53,6,0,65,31,15,13,15,17,9,35,19,2,7,3,30,8,1,10,1,7,9,21,12,13,14,40,6,14,41,71,160,37,99,76,35,6,0,103,42,35,54,70,32,50,41,10,49,108,143,60,110,14,14,48,10,10,10,19,203,41,46,41,46,12,102,42,59,48,0,0,0,7,55,84,92,49,356,0,0,0,0,0,0,0,0,0,0,0,0,0,0,0,0,0,0,0,3996
5413,0,0,2,48,14,7,8,22,25,113,73,147,65,50,123,54,10,4,12,2,4,2,1,0,2,0,0,0,1,0,2,0,6,0,6,2,4,0,1,1,20,2,1,1,1,11,3,1,8,2,0,2,5,0,2,5,22,6,113,5,0,12,0,0,2,0,1,1,1,1,1,2,1,2,13,0,5,0,1,2,0,1,0,2,3,0,16,139,6,8,1,2,31,0,1,8,20,25,0,418,4,1,156,2,137,34,269,1,1,42,1,42,43,8,3,13,1,1,0,3,12,1,3,1,17,1,24,0,2,3,0,1018,95,12,50,43,254,215,0,741,0,12,0,0,0,0,0,0,0,0,0,0,0,0,0,0,0,0,5013
5416,0,0,0,16,2,3,10,27,24,31,15,55,22,5,21,11,11,6,2,6,13,1,1,0,18,0,0,0,2,0,12,0,31,0,9,2,7,11,11,6,63,11,23,3,0,13,6,33,25,4,4,13,17,138,261,421,522,374,175,106,21,391,3,0,174,89,35,32,79,38,51,614,38,1,2,24,63,77,2,51,8,46,94,309,84,46,56,90,29,603,542,1527,2260,2,16,635,42,0,0,161,197,111,480,73,743,412,3155,53,228,936,62,174,320,72,102,542,21,38,107,139,1152,312,225,293,146,121,326,90,188,777,0,2,986,2,405,155,469,69,0,0,0,0,0,0,0,0,0,0,0,0,0,0,0,0,0,0,0,0,24621
5417,0,0,0,0,0,0,0,0,0,0,0,0,0,0,0,0,0,0,0,0,0,0,0,0,0,0,0,0,0,0,0,0,0,0,0,0,0,0,0,0,0,0,0,0,0,0,0,0,0,0,0,0,0,0,0,0,0,0,0,0,0,0,0,0,0,0,0,0,0,0,0,0,0,0,0,0,0,0,0,0,0,0,0,0,0,0,0,0,0,0,0,0,0,0,0,0,0,0,0,0,0,0,0,0,0,0,0,0,0,0,0,0,0,0,0,0,0,0,0,0,0,0,0,0,0,0,0,0,0,0,0,0,0,0,0,0,0,0,0,0,12973,0,0,0,0,0,0,0,823,0,0,0,634,0,0,0,3,0,14433
5418,0,0,0,2,0,1,7,2,9,19,6,13,5,2,11,5,6,8,5,8,22,1,1,1,13,1,2,1,3,0,9,0,8,0,7,6,2,10,10,12,53,18,2,5,2,10,5,3,4,1,6,6,16,97,54,103,34,110,115,30,13,114,16,0,257,61,30,38,31,11,47,427,81,6,1,15,11,6,0,4,1,8,16,132,14,58,33,70,12,93,337,178,53,28,65,40,1,0,0,154,128,59,109,9,14,58,159,31,42,177,53,70,208,8,74,20,8,7,8,8,35,11,16,36,58,45,220,17,100,40,0,3,55,2,39,174,63,21,27,0,0,0,0,0,0,0,0,0,0,0,0,0,0,0,0,0,0,0,5566
541X,0,0,0,0,0,0,10,13,10,6,2,54,6,3,40,3,1,0,0,0,2,0,0,0,1,0,0,0,0,0,1,0,0,0,1,1,1,3,1,1,5,0,0,0,0,1,1,1,0,0,0,0,2,22,8,17,21,46,1,53,0,73,0,0,9,14,5,40,35,44,2,112,6,0,3,0,0,0,0,1,0,8,30,6,6,6,4,19,9,0,8,10,7,0,1,0,0,0,0,68,14,12,21,49,12,55,133,293,22,237,6,12,49,4,8,30,2,0,10,4,302,15,7,24,8,0,0,0,8,53,0,0,0,12,45,15,104,27,20,0,0,0,0,0,0,0,0,0,0,0,0,0,0,0,0,0,0,0,2477
55,0,0,0,0,0,0,0,0,0,0,0,0,0,0,0,0,0,0,0,0,0,0,0,0,0,0,0,0,0,0,0,0,0,0,0,0,0,0,0,0,0,0,0,0,0,0,0,0,0,0,0,0,0,0,0,0,0,0,0,0,0,0,0,0,0,0,0,0,0,0,0,0,0,0,0,0,0,0,0,0,0,0,0,0,0,0,0,0,0,0,0,0,0,0,0,0,0,0,0,0,0,0,0,0,0,0,0,0,0,0,0,0,0,0,0,0,0,0,0,0,0,0,0,0,0,0,0,0,0,0,0,0,0,0,0,0,0,0,0,0,0,0,0,0,0,0,0,0,0,0,0,0,0,0,0,0,0,0,0
5613,0,0,0,0,0,1,12,4,0,2,0,6,2,1,2,1,0,1,2,2,9,0,0,1,1,0,0,0,0,0,1,0,0,0,2,5,3,0,1,1,2,0,0,0,1,1,3,1,1,0,0,1,1,4,7,11,7,16,3,6,0,10,1,0,10,2,1,3,4,1,2,17,4,1,0,1,19,19,3,8,4,11,3,41,3,4,64,19,2,18,59,36,38,2,1,15,0,0,0,33,18,8,79,5,26,25,38,7,17,24,112,27,45,9,11,26,0,1,11,11,118,24,8,4,5,3,22,19,13,6,0,8,0,0,6,3,19,6,6,0,0,0,0,0,0,0,0,0,0,0,0,0,0,0,0,0,0,0,1354
5617,0,0,0,0,0,0,0,0,0,0,0,0,0,0,0,0,0,0,0,0,0,0,0,0,0,0,0,0,0,0,0,0,0,0,0,0,0,0,0,0,0,0,0,0,0,0,0,0,0,0,0,0,0,0,0,0,0,0,0,0,0,0,0,0,0,0,0,0,0,0,0,0,0,0,0,0,0,0,0,0,0,0,0,0,0,0,0,0,0,0,0,0,0,0,0,0,0,0,0,0,0,0,0,0,0,0,0,0,0,0,0,0,0,0,0,0,0,0,0,0,0,0,0,0,0,0,0,0,0,0,0,0,0,0,0,0,0,0,0,0,0,0,0,0,0,0,0,0,0,0,0,0,0,0,0,0,0,0,0
561X,0,0,0,0,0,0,1,0,0,1,0,1,0,0,1,0,0,1,2,2,6,0,0,0,1,0,0,0,0,0,0,0,0,0,1,3,2,0,1,1,1,0,0,0,0,0,2,1,1,0,0,0,1,0,5,6,5,7,5,6,10,9,1,0,2,2,4,1,1,2,0,5,1,3,0,0,1,0,0,3,0,0,0,0,0,0,0,0,0,1,1,0,0,0,9,0,0,1,0,17,19,1,2,1,1,1,1,0,0,0,2,1,1,1,1,8,0,0,0,0,6,0,1,0,1,1,5,0,0,0,0,0,0,0,1,2,11,2,82,0,0,0,0,0,0,0,0,0,0,0,0,0,0,0,0,0,0,0,290
562,0,0,0,3,0,0,0,0,0,1,0,1,0,0,1,0,0,0,0,0,1,0,0,0,0,0,0,0,0,0,0,0,0,0,0,0,0,0,0,0,2,0,0,0,0,0,0,1,1,0,0,0,0,0,0,1,0,0,0,0,0,0,0,0,1,0,0,0,0,1,0,0,0,0,0,0,2,0,0,0,0,0,0,0,0,0,0,0,0,0,0,1,0,1,0,0,0,0,0,28,4,0,0,0,0,1,1,0,0,1,0,1,1,32,0,3,0,1,1,1,5,1,2,0,1,1,3,0,1,1,0,0,2,0,11,2,63,3,0,0,0,0,0,0,0,0,0,0,0,0,0,0,0,0,0,0,0,0,189
61,0,0,0,0,0,0,0,0,0,0,0,0,0,0,0,0,0,0,0,0,0,0,0,0,0,0,0,0,0,0,0,0,0,0,0,0,0,0,0,0,0,0,0,0,0,0,0,0,0,0,0,0,0,0,0,0,0,0,0,0,0,0,0,0,0,0,0,0,0,0,0,0,0,0,0,0,0,0,0,0,0,0,0,0,0,0,0,0,0,0,0,0,0,0,0,0,0,0,0,0,0,0,0,0,0,0,0,0,0,0,0,0,0,0,2,0,0,0,0,0,0,0,0,0,0,0,0,0,0,0,0,0,0,0,107,24,23,0,540,0,0,0,0,0,0,0,0,0,0,0,0,0,0,0,0,0,0,0,696
6211,0,0,0,0,0,0,0,0,0,0,0,0,0,0,0,0,0,0,0,0,0,0,0,0,0,0,0,0,0,0,0,0,0,0,0,0,0,0,0,0,0,0,0,0,0,0,0,0,0,0,0,0,0,0,0,0,0,0,0,0,0,0,0,0,0,0,0,0,0,0,0,0,0,0,0,0,0,0,0,0,0,0,0,0,0,0,0,0,0,0,0,0,0,0,0,0,0,0,0,0,0,0,0,0,0,0,0,0,0,0,0,0,0,0,0,0,0,0,0,0,0,0,0,0,0,0,0,0,0,0,0,0,0,0,0,0,0,0,11,0,0,0,0,0,0,0,0,0,0,0,0,0,0,0,0,0,0,0,11
6212,0,0,0,0,0,0,0,0,0,0,0,0,0,0,0,0,0,0,0,0,0,0,0,0,0,0,0,0,0,0,0,0,0,0,0,0,0,0,0,0,0,0,0,0,0,0,0,0,0,0,0,0,0,0,0,0,0,0,0,0,0,0,0,0,0,0,0,0,0,0,0,0,0,0,0,0,0,0,0,0,0,0,0,0,0,0,0,0,0,0,0,0,0,0,0,0,0,0,0,0,0,0,0,0,0,0,0,0,0,0,0,0,0,0,0,0,0,0,0,0,0,0,0,0,0,0,0,0,0,0,0,0,0,0,0,0,0,0,11,0,0,0,0,0,0,0,0,0,0,0,0,0,0,0,0,0,0,0,11
6213,0,0,0,0,0,0,0,0,0,0,0,0,0,0,0,0,0,0,0,0,0,0,0,0,0,0,0,0,0,0,0,0,0,0,0,0,0,0,0,0,0,0,0,0,0,0,0,0,0,0,0,0,0,0,0,0,0,0,0,0,0,0,0,0,0,0,0,0,0,0,0,0,0,0,0,0,0,0,0,0,0,0,0,0,0,0,0,0,0,0,0,0,0,0,0,0,0,0,0,0,0,0,0,0,0,0,0,0,0,0,0,0,0,0,0,0,0,0,0,0,0,0,0,0,0,0,0,0,0,0,0,0,0,0,0,0,0,0,11,0,0,0,0,0,0,0,0,0,0,0,0,0,0,0,0,0,0,0,11
6214,0,0,0,0,0,0,0,0,0,0,0,0,0,0,0,0,0,0,0,0,0,0,0,0,0,0,0,0,0,0,0,0,0,0,0,0,0,0,0,0,0,0,0,0,0,0,0,0,0,0,0,0,0,0,0,0,0,0,0,0,0,0,0,0,0,0,0,0,0,0,0,0,0,0,0,0,0,0,0,0,0,0,0,0,0,0,0,0,0,0,0,0,0,0,0,0,0,0,0,0,0,0,0,0,0,0,0,0,0,0,0,0,0,0,0,0,0,0,0,0,0,0,0,0,0,0,0,0,0,0,0,0,0,0,0,0,0,0,11,0,0,0,0,0,0,0,0,0,0,0,0,0,0,0,0,0,0,0,11
6215OH,0,0,0,0,0,0,0,0,0,0,0,0,0,0,0,0,0,0,0,0,0,0,0,0,0,0,0,0,0,0,0,0,0,0,0,0,0,0,0,0,0,0,0,0,0,0,0,0,0,0,0,0,0,0,0,0,0,0,0,0,0,0,0,0,0,0,0,0,0,0,0,0,0,0,0,0,0,0,0,0,0,0,0,0,0,0,0,0,0,0,0,0,0,0,0,0,0,0,0,0,0,0,0,0,0,0,0,0,0,0,0,0,0,0,0,0,0,0,1,0,0,0,0,0,0,0,0,0,0,0,0,0,0,0,0,0,0,0,31,0,0,0,0,0,0,0,0,0,0,0,0,0,0,0,0,0,0,0,32
622,0,0,0,0,0,0,0,0,0,0,0,0,0,0,0,0,0,0,0,0,0,0,0,0,0,0,0,0,0,0,0,0,0,0,0,0,0,0,0,0,0,0,0,0,0,0,0,0,0,0,0,0,0,0,0,0,0,0,0,0,0,0,0,0,0,0,0,0,0,0,0,0,0,0,0,0,0,0,0,0,0,0,0,0,0,0,0,0,0,0,0,0,0,0,0,0,0,0,0,0,0,0,0,0,0,0,0,0,0,0,0,0,0,0,0,0,0,0,0,0,0,0,0,0,0,0,0,0,0,0,0,0,0,0,0,0,0,0,3794,0,0,0,0,0,0,0,0,0,0,0,0,0,0,0,0,0,0,0,3794
623,0,0,0,0,0,0,0,0,0,0,0,0,0,0,0,0,0,0,0,0,0,0,0,0,0,0,0,0,0,0,0,0,0,0,0,0,0,0,0,0,0,0,0,0,0,0,0,0,0,0,0,0,0,0,0,0,0,0,0,0,0,0,0,0,0,0,0,0,0,0,0,0,0,0,0,0,0,0,0,0,0,0,0,0,0,0,0,0,0,0,0,0,0,0,0,0,0,0,0,0,0,0,0,0,0,0,0,0,0,0,0,0,0,0,0,0,0,0,0,0,0,0,0,0,0,0,0,0,0,0,0,0,0,0,0,0,0,0,21,0,0,0,0,0,0,0,0,0,0,0,0,0,0,0,0,0,0,0,21
624,0,0,0,0,0,0,0,0,0,0,0,0,0,0,0,0,0,0,0,0,0,0,0,0,0,0,0,0,0,0,0,0,0,0,0,0,0,0,0,0,0,0,0,0,0,0,0,0,0,0,0,0,0,0,0,0,0,0,0,0,0,0,0,0,0,0,0,0,0,0,0,0,0,0,0,0,0,0,0,0,0,0,0,0,0,0,0,0,0,0,0,0,0,0,0,0,0,0,0,0,0,0,0,0,0,0,0,0,0,0,0,0,0,0,0,0,0,0,0,0,0,0,0,0,0,0,0,0,0,0,0,0,0,0,0,0,0,0,0,0,0,0,0,0,0,0,0,0,0,0,0,0,0,0,0,0,0,0,0
711AS,0,0,0,0,0,0,0,0,0,1,0,1,0,0,1,0,0,0,0,0,0,0,0,0,0,0,0,0,0,0,0,0,0,0,0,0,0,0,0,0,0,0,0,0,0,0,0,0,0,0,0,0,0,3,1,2,1,2,0,3,0,3,0,0,0,0,0,1,0,1,0,2,0,0,0,0,0,0,0,0,0,0,0,1,24,1,1,1,0,4,1,13,5,0,1,0,1,0,0,27,3,2,9,2,2,2,1,1,1,1,4,2,4,1,3,5,0,0,0,1,1,1,1,74,0,0,7,0,0,1,0,0,0,0,4,1,0,0,399,0,0,0,0,0,0,0,0,0,0,0,0,0,0,0,0,0,0,0,635
713,0,0,0,0,0,0,0,0,0,0,0,0,0,0,0,0,0,0,0,0,0,0,0,0,0,0,0,0,0,0,0,0,0,0,0,0,0,0,0,0,0,0,0,0,0,0,0,0,0,0,0,0,0,0,0,0,0,0,0,0,0,0,0,0,0,0,0,0,0,0,0,0,0,0,0,0,0,0,0,0,0,0,0,0,0,0,0,0,0,0,0,0,0,0,0,0,0,0,0,0,0,0,0,0,0,0,0,0,0,0,0,0,0,0,0,0,0,0,0,0,0,0,0,0,0,0,0,0,0,0,0,0,0,0,0,0,0,0,2,0,0,0,0,0,0,0,0,0,0,0,0,0,0,0,0,0,0,0,2
721,0,0,0,0,0,0,0,0,0,0,0,0,0,0,0,0,0,0,0,0,0,0,0,0,0,0,0,0,0,0,0,0,0,0,0,0,0,0,0,0,0,0,0,0,0,0,0,0,0,0,0,0,0,0,0,0,0,0,0,0,0,0,0,0,0,0,0,0,0,0,0,0,0,0,0,0,0,0,0,0,0,0,0,0,0,0,0,0,0,0,0,0,0,0,0,0,0,0,0,0,0,0,0,0,0,0,0,0,0,0,0,0,0,0,0,0,0,0,0,0,0,0,0,0,0,0,0,0,0,0,0,0,0,0,0,0,0,0,0,0,0,0,0,0,0,0,0,0,0,0,0,0,0,0,0,0,0,0,0
722,0,0,0,0,0,0,0,0,0,0,0,0,0,0,0,0,0,0,0,0,0,0,0,0,0,0,0,0,0,0,0,0,0,0,0,0,0,0,0,0,0,0,0,0,0,0,0,0,0,0,0,0,0,0,0,0,0,0,0,0,0,0,0,0,0,0,0,0,0,0,0,0,0,0,0,0,0,0,0,0,0,0,0,0,0,0,0,0,0,0,0,0,0,0,0,0,0,0,0,0,0,0,0,0,0,0,0,0,0,0,0,0,0,0,0,0,0,0,0,0,0,0,0,0,0,0,0,0,0,0,0,0,0,0,0,0,0,0,0,0,0,0,0,0,0,0,0,0,0,0,0,0,0,0,0,0,0,0,0
811,0,0,0,2,1,0,0,6,21,6,2,5,4,2,3,5,0,0,0,0,0,0,0,0,0,0,0,0,0,0,0,0,0,0,0,0,0,0,0,0,0,0,0,0,0,0,0,0,0,0,0,0,0,5,1,4,8,14,2,9,6,13,1,0,7,8,9,5,2,8,1,6,2,0,0,0,23,0,0,11,0,3,1,4,1,1,6,9,1,6,1,3,14,0,11,0,0,0,0,2,29,6,19,1,8,10,3,1,3,28,3,69,94,36,19,6,1,1,2,4,39,3,3,3,6,4,39,6,6,3,0,0,0,3,22,17,67,92,166,0,0,0,0,0,0,0,0,0,0,0,0,0,0,0,0,0,0,0,1087
812,0,0,0,0,0,0,0,0,0,0,0,0,0,0,0,0,0,0,0,0,0,0,0,0,0,0,0,0,0,0,0,0,0,0,0,0,0,0,0,0,0,0,0,0,0,0,0,0,0,0,0,0,0,0,0,0,0,0,0,0,0,0,0,0,0,0,0,0,0,0,0,0,0,0,0,0,0,0,0,0,0,0,0,0,0,0,0,0,0,0,0,0,0,0,0,0,0,0,0,0,0,0,0,0,0,0,0,0,0,0,0,0,0,0,0,0,0,0,0,0,0,0,0,0,0,0,0,0,0,0,0,0,0,0,0,0,0,0,0,0,0,0,0,0,0,0,0,0,0,0,0,0,0,0,0,0,0,0,0
813,0,0,0,0,0,0,0,0,0,0,0,0,0,0,0,0,0,0,0,0,0,0,0,0,0,0,0,0,0,0,0,0,0,0,0,0,0,0,0,0,0,0,0,0,0,0,0,0,0,0,0,0,0,0,0,0,0,0,0,0,0,0,0,0,0,0,0,0,0,0,0,0,0,0,0,0,0,0,0,0,0,0,0,0,0,0,0,0,0,0,0,0,0,0,0,0,0,0,0,0,0,0,0,0,0,0,0,0,0,0,0,0,0,0,0,0,0,0,0,0,0,0,0,0,0,0,0,0,0,0,0,0,0,0,0,0,0,0,0,0,0,0,0,0,0,0,0,0,0,0,0,0,0,0,0,0,0,0,0
814,0,0,0,0,0,0,0,0,0,0,0,0,0,0,0,0,0,0,0,0,0,0,0,0,0,0,0,0,0,0,0,0,0,0,0,0,0,0,0,0,0,0,0,0,0,0,0,0,0,0,0,0,0,0,0,0,0,0,0,0,0,0,0,0,0,0,0,0,0,0,0,0,0,0,0,0,0,0,0,0,0,0,0,0,0,0,0,0,0,0,0,0,0,0,0,0,0,0,0,0,0,0,0,0,0,0,0,0,0,0,0,0,0,0,0,0,0,0,0,0,0,0,0,0,0,0,0,0,0,0,0,0,0,0,0,0,0,0,0,0,0,0,0,0,0,0,0,0,0,0,0,0,0,0,0,0,0,0,0
GFGD,0,0,0,0,0,0,0,0,0,0,0,0,0,0,0,0,0,0,0,0,0,0,0,0,0,0,0,0,0,0,0,0,0,0,0,0,0,0,0,0,0,0,0,0,0,0,0,0,0,0,0,0,0,0,0,0,0,0,0,0,0,0,0,0,0,0,0,0,0,0,0,0,0,0,0,0,0,0,0,0,0,0,0,0,0,0,0,0,0,0,0,0,0,0,0,0,0,0,0,0,0,0,0,0,0,0,0,0,0,0,0,0,0,0,0,0,0,0,0,0,0,0,0,0,0,0,0,0,0,0,0,0,0,0,0,0,0,0,0,0,0,0,0,0,0,0,0,0,0,0,0,0,0,0,0,0,0,0,0
GFGN,0,0,0,0,0,0,0,0,0,0,0,0,0,0,0,0,0,0,0,0,0,0,0,0,0,0,0,0,0,0,0,0,0,0,0,0,0,0,0,0,0,0,0,0,0,0,0,0,0,0,0,0,0,0,0,0,0,0,0,0,0,0,0,0,0,0,0,0,0,0,0,0,0,0,0,0,0,0,0,0,0,0,0,0,0,0,0,0,0,0,0,0,0,0,0,0,0,0,0,0,0,0,0,0,0,0,0,0,0,0,0,0,0,0,0,0,0,0,0,0,0,0,0,0,0,0,0,0,0,0,0,0,0,0,0,0,0,0,0,0,0,0,0,0,0,0,0,0,0,0,0,0,0,0,0,0,0,0,0
GFE,0,0,0,0,0,0,0,0,0,0,0,0,0,0,0,0,0,0,0,0,0,0,0,0,0,0,0,0,0,0,0,0,0,0,0,0,0,0,0,0,0,0,0,0,0,0,0,0,0,0,0,0,0,0,0,0,0,0,0,0,0,0,0,0,0,0,0,0,0,0,0,0,0,0,0,0,0,0,0,0,0,0,0,0,0,0,0,0,0,0,0,0,0,0,0,0,0,0,0,0,0,0,0,0,0,0,0,0,0,0,0,0,0,0,0,0,0,0,0,0,0,0,0,0,0,0,1,0,0,0,0,0,0,0,0,0,0,0,0,0,0,0,0,0,0,0,0,0,0,0,0,0,0,0,0,0,0,0,1
GSLGE,0,0,0,0,0,0,0,0,0,0,0,0,0,0,0,0,0,0,0,0,0,0,0,0,0,0,0,0,0,0,0,0,0,0,0,0,0,0,0,0,0,0,0,0,0,0,0,0,0,0,0,0,0,0,0,0,0,0,0,0,0,0,0,0,0,0,0,0,0,0,0,0,0,0,0,0,0,0,0,0,0,0,0,0,0,0,0,0,0,0,0,0,0,0,0,0,0,0,0,0,0,0,0,0,0,0,0,0,0,0,0,0,0,0,0,0,0,0,0,0,0,0,0,0,0,0,0,0,0,0,0,0,0,0,0,0,0,0,0,0,0,0,0,0,0,0,0,0,0,0,0,0,0,0,0,0,0,0,0
GSLGH,0,0,0,0,0,0,0,0,0,0,0,0,0,0,0,0,0,0,0,0,0,0,0,0,0,0,0,0,0,0,0,0,0,0,0,0,0,0,0,0,0,0,0,0,0,0,0,0,0,0,0,0,0,0,0,0,0,0,0,0,0,0,0,0,0,0,0,0,0,0,0,0,0,0,0,0,0,0,0,0,0,0,0,0,0,0,0,0,0,0,0,0,0,0,0,0,0,0,0,0,0,0,0,0,0,0,0,0,0,0,0,0,0,0,0,0,0,0,0,0,0,0,0,0,0,0,0,0,0,0,0,0,0,0,0,0,0,0,0,0,0,0,0,0,0,0,0,0,0,0,0,0,0,0,0,0,0,0,0
GSLGO,0,0,0,0,0,0,0,0,0,0,0,0,0,0,0,0,0,0,0,0,0,0,0,0,0,0,0,0,0,0,0,0,0,0,0,0,0,0,0,0,0,0,0,0,0,0,0,0,0,0,0,0,0,0,0,0,0,0,0,0,0,0,0,0,0,0,0,0,0,0,0,0,0,0,0,0,0,0,0,0,0,0,0,0,0,0,0,0,0,0,0,0,0,0,0,0,0,0,0,0,0,0,0,0,0,0,0,0,0,0,0,0,0,0,0,0,0,0,0,0,0,0,0,0,0,0,0,0,0,0,0,0,0,0,0,0,0,0,0,0,0,0,0,0,0,0,0,0,0,0,0,0,0,0,0,0,0,0,0
GSLE,0,0,0,0,0,0,0,0,0,0,0,0,0,0,0,0,0,0,0,0,0,0,0,0,0,0,0,0,0,0,0,0,0,0,0,0,0,0,0,0,0,0,0,0,0,0,0,0,0,0,0,0,0,0,0,0,0,0,0,0,0,0,0,0,0,0,0,0,0,0,0,0,0,0,0,0,0,0,0,0,0,0,0,0,0,0,0,0,0,0,0,0,0,0,0,0,0,0,0,0,0,0,0,0,0,0,0,0,0,0,0,0,0,0,0,0,0,0,0,0,0,0,0,0,0,0,0,0,0,0,0,0,0,0,0,0,0,0,0,0,0,0,0,0,0,0,0,0,0,0,0,0,0,0,0,0,0,0,0
Used,0,0,0,0,0,0,2,1,0,0,0,0,0,0,100,0,0,0,311,24,5,0,0,0,0,0,0,0,0,0,0,0,0,0,0,0,0,0,0,0,0,0,0,0,0,0,0,0,0,0,0,0,0,0,0,0,0,0,0,0,0,0,0,0,7,0,0,0,0,0,0,0,0,0,0,0,0,0,0,-48,0,0,0,0,0,0,0,0,0,0,0,0,0,0,0,0,0,0,0,0,0,0,0,0,0,0,0,0,0,12,0,0,0,0,-42,0,0,0,0,0,0,0,0,0,10,0,0,89,0,0,0,43,0,0,0,0,0,0,7567,-102,0,0,0,-7,0,0,0,0,0,0,0,0,0,0,0,0,0,0,7972
Other,219,197,15,604,4,77,507,24,48,0,89,407,104,136,250,185,178,158,276,159,339,62,75,72,417,9,756,56,159,6,177,145,818,36,297,279,25,62,118,79,939,172,240,50,12,302,128,2394,571,103,217,242,405,334,469,656,661,539,201,431,709,385,74,0,37,258,502,0,130,24,123,974,53,6857,41,874,535,6,49,335,20,56,77,362,212,97,1194,2293,295,301,263,2111,26686,63,196,415,43,0,20,394,1749,42,1483,27,562,496,235,204,280,1003,231,291,227,27,340,0,0,0,0,0,0,208,0,216,272,538,1845,87,1340,0,0,3651,738,2,0,0,0,0,54006,0,7718,0,0,0,0,0,0,0,0,0,0,0,0,0,0,0,0,0,141572
