NIPA Line,Description,leading_spaces,Level_0,Level_1,Level_2,Level_3,Level_4,Level_5,Level_6,Level_7,Level_8,Level_9,Index
7,New domestic autos,14,Goods,Durable goods,Motor vehicles and parts,New motor vehicles,New autos,New domestic autos,,,,,0
8,New foreign autos,14,Goods,Durable goods,Motor vehicles and parts,New motor vehicles,New autos,New foreign autos,,,,,1
9,New light trucks,12,Goods,Durable goods,Motor vehicles and parts,New motor vehicles,New light trucks,,,,,,2
13,Used autos,12,Goods,Durable goods,Motor vehicles and parts,Net purchases of used motor vehicles,Used autos,,,,,,3
17,Used light trucks,12,Goods,Durable goods,Motor vehicles and parts,Net purchases of used motor vehicles,Used light trucks,,,,,,4
21,Tires,12,Goods,Durable goods,Motor vehicles and parts,Motor vehicle parts and accessories,Tires,,,,,,5
22,Accessories and parts,12,Goods,Durable goods,Motor vehicles and parts,Motor vehicle parts and accessories,Accessories and parts,,,,,,6
25,Furniture,12,Goods,Durable goods,Furnishings and durable household equipment,Furniture and furnishings,Furniture,,,,,,7
26,"Clocks, lamps, lighting fixtures, and other household decorative items",12,Goods,Durable goods,Furnishings and durable household equipment,Furniture and furnishings,"Clocks, lamps, lighting fixtures, and other household decorative items",,,,,,8
27,Carpets and other floor coverings,12,Goods,Durable goods,Furnishings and durable household equipment,Furniture and furnishings,Carpets and other floor coverings,,,,,,9
28,Window coverings,12,Goods,Durable goods,Furnishings and durable household equipment,Furniture and furnishings,Window coverings,,,,,,10
30,Major household appliances,12,Goods,Durable goods,Furnishings and durable household equipment,Household appliances,Major household appliances,,,,,,11
31,Small electric household appliances,12,Goods,Durable goods,Furnishings and durable household equipment,Household appliances,Small electric household appliances,,,,,,12
33,Dishes and flatware,12,Goods,Durable goods,Furnishings and durable household equipment,"Glassware, tableware, and household utensils",Dishes and flatware,,,,,,13
34,Nonelectric cookware and tableware,12,Goods,Durable goods,Furnishings and durable household equipment,"Glassware, tableware, and household utensils",Nonelectric cookware and tableware,,,,,,14
36,"Tools, hardware, and supplies",12,Goods,Durable goods,Furnishings and durable household equipment,Tools and equipment for house and garden,"Tools, hardware, and supplies",,,,,,15
37,Outdoor equipment and supplies,12,Goods,Durable goods,Furnishings and durable household equipment,Tools and equipment for house and garden,Outdoor equipment and supplies,,,,,,16
41,Televisions,14,Goods,Durable goods,Recreational goods and vehicles,"Video, audio, photographic, and information processing equipment and media",Video and audio equipment,Televisions,,,,,17
42,Other video equipment,14,Goods,Durable goods,Recreational goods and vehicles,"Video, audio, photographic, and information processing equipment and media",Video and audio equipment,Other video equipment,,,,,18
43,Audio equipment,14,Goods,Durable goods,Recreational goods and vehicles,"Video, audio, photographic, and information processing equipment and media",Video and audio equipment,Audio equipment,,,,,19
45,"Audio discs, tapes, vinyl, and permanent digital downloads",16,Goods,Durable goods,Recreational goods and vehicles,"Video, audio, photographic, and information processing equipment and media",Video and audio equipment,Recording media,"Audio discs, tapes, vinyl, and permanent digital downloads",,,,20
46,"Video discs, tapes, and permanent digital downloads",16,Goods,Durable goods,Recreational goods and vehicles,"Video, audio, photographic, and information processing equipment and media",Video and audio equipment,Recording media,"Video discs, tapes, and permanent digital downloads",,,,21
47,Photographic equipment,12,Goods,Durable goods,Recreational goods and vehicles,"Video, audio, photographic, and information processing equipment and media",Photographic equipment,,,,,,22
49,Personal computers/tablets and peripheral equipment,14,Goods,Durable goods,Recreational goods and vehicles,"Video, audio, photographic, and information processing equipment and media",Information processing equipment,Personal computers/tablets and peripheral equipment,,,,,23
50,Computer software and accessories,14,Goods,Durable goods,Recreational goods and vehicles,"Video, audio, photographic, and information processing equipment and media",Information processing equipment,Computer software and accessories,,,,,24
51,"Calculators, typewriters, and other information processing equipment",14,Goods,Durable goods,Recreational goods and vehicles,"Video, audio, photographic, and information processing equipment and media",Information processing equipment,"Calculators, typewriters, and other information processing equipment",,,,,25
52,"Sporting equipment, supplies, guns, and ammunition",8,Goods,Durable goods,Recreational goods and vehicles,"Sporting equipment, supplies, guns, and ammunition",,,,,,,26
54,Motorcycles,12,Goods,Durable goods,Recreational goods and vehicles,Sports and recreational vehicles,Motorcycles,,,,,,27
55,Bicycles and accessories,12,Goods,Durable goods,Recreational goods and vehicles,Sports and recreational vehicles,Bicycles and accessories,,,,,,28
57,Pleasure boats,14,Goods,Durable goods,Recreational goods and vehicles,Sports and recreational vehicles,"Pleasure boats, aircraft, and other recreational vehicles",Pleasure boats,,,,,29
58,Pleasure aircraft,14,Goods,Durable goods,Recreational goods and vehicles,Sports and recreational vehicles,"Pleasure boats, aircraft, and other recreational vehicles",Pleasure aircraft,,,,,30
59,Other recreational vehicles,14,Goods,Durable goods,Recreational goods and vehicles,Sports and recreational vehicles,"Pleasure boats, aircraft, and other recreational vehicles",Other recreational vehicles,,,,,31
60,Recreational books,8,Goods,Durable goods,Recreational goods and vehicles,Recreational books,,,,,,,32
61,Musical instruments,8,Goods,Durable goods,Recreational goods and vehicles,Musical instruments,,,,,,,33
64,Jewelry,12,Goods,Durable goods,Other durable goods,Jewelry and watches,Jewelry,,,,,,34
65,Watches,12,Goods,Durable goods,Other durable goods,Jewelry and watches,Watches,,,,,,35
67,Therapeutic medical equipment,12,Goods,Durable goods,Other durable goods,Therapeutic appliances and equipment,Therapeutic medical equipment,,,,,,36
68,Corrective eyeglasses and contact lenses,12,Goods,Durable goods,Other durable goods,Therapeutic appliances and equipment,Corrective eyeglasses and contact lenses,,,,,,37
69,Educational books,8,Goods,Durable goods,Other durable goods,Educational books,,,,,,,38
70,Luggage and similar personal items,8,Goods,Durable goods,Other durable goods,Luggage and similar personal items,,,,,,,39
71,Telephone and related communication equipment,8,Goods,Durable goods,Other durable goods,Telephone and related communication equipment,,,,,,,40
77,Cereals,16,Goods,Nondurable goods,Food and beverages purchased for off-premises consumption,Food and nonalcoholic beverages purchased for off-premises consumption,Food purchased for off-premises consumption,Cereals and bakery products,Cereals,,,,41
78,Bakery products,16,Goods,Nondurable goods,Food and beverages purchased for off-premises consumption,Food and nonalcoholic beverages purchased for off-premises consumption,Food purchased for off-premises consumption,Cereals and bakery products,Bakery products,,,,42
80,Beef and veal,16,Goods,Nondurable goods,Food and beverages purchased for off-premises consumption,Food and nonalcoholic beverages purchased for off-premises consumption,Food purchased for off-premises consumption,Meats and poultry,Beef and veal,,,,43
81,Pork,16,Goods,Nondurable goods,Food and beverages purchased for off-premises consumption,Food and nonalcoholic beverages purchased for off-premises consumption,Food purchased for off-premises consumption,Meats and poultry,Pork,,,,44
82,Other meats,16,Goods,Nondurable goods,Food and beverages purchased for off-premises consumption,Food and nonalcoholic beverages purchased for off-premises consumption,Food purchased for off-premises consumption,Meats and poultry,Other meats,,,,45
83,Poultry,16,Goods,Nondurable goods,Food and beverages purchased for off-premises consumption,Food and nonalcoholic beverages purchased for off-premises consumption,Food purchased for off-premises consumption,Meats and poultry,Poultry,,,,46
84,Fish and seafood,14,Goods,Nondurable goods,Food and beverages purchased for off-premises consumption,Food and nonalcoholic beverages purchased for off-premises consumption,Food purchased for off-premises consumption,Fish and seafood,,,,,47
86,Fresh milk,16,Goods,Nondurable goods,Food and beverages purchased for off-premises consumption,Food and nonalcoholic beverages purchased for off-premises consumption,Food purchased for off-premises consumption,"Milk, dairy products, and eggs",Fresh milk,,,,48
87,Processed dairy products,16,Goods,Nondurable goods,Food and beverages purchased for off-premises consumption,Food and nonalcoholic beverages purchased for off-premises consumption,Food purchased for off-premises consumption,"Milk, dairy products, and eggs",Processed dairy products,,,,49
88,Eggs,16,Goods,Nondurable goods,Food and beverages purchased for off-premises consumption,Food and nonalcoholic beverages purchased for off-premises consumption,Food purchased for off-premises consumption,"Milk, dairy products, and eggs",Eggs,,,,50
89,Fats and oils,14,Goods,Nondurable goods,Food and beverages purchased for off-premises consumption,Food and nonalcoholic beverages purchased for off-premises consumption,Food purchased for off-premises consumption,Fats and oils,,,,,51
91,Fruit (fresh),16,Goods,Nondurable goods,Food and beverages purchased for off-premises consumption,Food and nonalcoholic beverages purchased for off-premises consumption,Food purchased for off-premises consumption,Fresh fruits and vegetables,Fruit (fresh),,,,52
92,Vegetables (fresh),16,Goods,Nondurable goods,Food and beverages purchased for off-premises consumption,Food and nonalcoholic beverages purchased for off-premises consumption,Food purchased for off-premises consumption,Fresh fruits and vegetables,Vegetables (fresh),,,,53
93,Processed fruits and vegetables,14,Goods,Nondurable goods,Food and beverages purchased for off-premises consumption,Food and nonalcoholic beverages purchased for off-premises consumption,Food purchased for off-premises consumption,Processed fruits and vegetables,,,,,54
94,Sugar and sweets,14,Goods,Nondurable goods,Food and beverages purchased for off-premises consumption,Food and nonalcoholic beverages purchased for off-premises consumption,Food purchased for off-premises consumption,Sugar and sweets,,,,,55
95,"Food products, not elsewhere classified",14,Goods,Nondurable goods,Food and beverages purchased for off-premises consumption,Food and nonalcoholic beverages purchased for off-premises consumption,Food purchased for off-premises consumption,"Food products, not elsewhere classified",,,,,56
97,"Coffee, tea, and other beverage materials",14,Goods,Nondurable goods,Food and beverages purchased for off-premises consumption,Food and nonalcoholic beverages purchased for off-premises consumption,Nonalcoholic beverages purchased for off-premises consumption,"Coffee, tea, and other beverage materials",,,,,57
98,"Mineral waters, soft drinks, and vegetable juices",14,Goods,Nondurable goods,Food and beverages purchased for off-premises consumption,Food and nonalcoholic beverages purchased for off-premises consumption,Nonalcoholic beverages purchased for off-premises consumption,"Mineral waters, soft drinks, and vegetable juices",,,,,58
100,Spirits,12,Goods,Nondurable goods,Food and beverages purchased for off-premises consumption,Alcoholic beverages purchased for off-premises consumption,Spirits,,,,,,59
101,Wine,12,Goods,Nondurable goods,Food and beverages purchased for off-premises consumption,Alcoholic beverages purchased for off-premises consumption,Wine,,,,,,60
102,Beer,12,Goods,Nondurable goods,Food and beverages purchased for off-premises consumption,Alcoholic beverages purchased for off-premises consumption,Beer,,,,,,61
103,Food produced and consumed on farms,8,Goods,Nondurable goods,Food and beverages purchased for off-premises consumption,Food produced and consumed on farms,,,,,,,62
106,Women's and girls' clothing,12,Goods,Nondurable goods,Clothing and footwear,Garments,Women's and girls' clothing,,,,,,63
107,Men's and boys' clothing,12,Goods,Nondurable goods,Clothing and footwear,Garments,Men's and boys' clothing,,,,,,64
108,Children's and infants' clothing,12,Goods,Nondurable goods,Clothing and footwear,Garments,Children's and infants' clothing,,,,,,65
110,Clothing materials,12,Goods,Nondurable goods,Clothing and footwear,Other clothing materials and footwear,Clothing materials,,,,,,66
111,Standard clothing issued to military personnel,12,Goods,Nondurable goods,Clothing and footwear,Other clothing materials and footwear,Standard clothing issued to military personnel,,,,,,67
112,Shoes and other footwear,12,Goods,Nondurable goods,Clothing and footwear,Other clothing materials and footwear,Shoes and other footwear,,,,,,68
115,Gasoline and other motor fuel,12,Goods,Nondurable goods,Gasoline and other energy goods,"Motor vehicle fuels, lubricants, and fluids",Gasoline and other motor fuel,,,,,,69
116,Lubricants and fluids,12,Goods,Nondurable goods,Gasoline and other energy goods,"Motor vehicle fuels, lubricants, and fluids",Lubricants and fluids,,,,,,70
118,Fuel oil,12,Goods,Nondurable goods,Gasoline and other energy goods,Fuel oil and other fuels,Fuel oil,,,,,,71
119,Other fuels,12,Goods,Nondurable goods,Gasoline and other energy goods,Fuel oil and other fuels,Other fuels,,,,,,72
122,Pharmaceutical products,12,Goods,Nondurable goods,Other nondurable goods,Pharmaceutical and other medical products,Pharmaceutical products,,,,,,73
125,Other medical products,12,Goods,Nondurable goods,Other nondurable goods,Pharmaceutical and other medical products,Other medical products,,,,,,74
127,"Games, toys, and hobbies",12,Goods,Nondurable goods,Other nondurable goods,Recreational items,"Games, toys, and hobbies",,,,,,75
128,Pets and related products,12,Goods,Nondurable goods,Other nondurable goods,Recreational items,Pets and related products,,,,,,76
129,"Flowers, seeds, and potted plants",12,Goods,Nondurable goods,Other nondurable goods,Recreational items,"Flowers, seeds, and potted plants",,,,,,77
130,Film and photographic supplies,12,Goods,Nondurable goods,Other nondurable goods,Recreational items,Film and photographic supplies,,,,,,78
132,Household cleaning products,12,Goods,Nondurable goods,Other nondurable goods,Household supplies,Household cleaning products,,,,,,79
133,Household paper products,12,Goods,Nondurable goods,Other nondurable goods,Household supplies,Household paper products,,,,,,80
134,Household linens,12,Goods,Nondurable goods,Other nondurable goods,Household supplies,Household linens,,,,,,81
135,Sewing items,12,Goods,Nondurable goods,Other nondurable goods,Household supplies,Sewing items,,,,,,82
136,Miscellaneous household products,12,Goods,Nondurable goods,Other nondurable goods,Household supplies,Miscellaneous household products,,,,,,83
138,"Hair, dental, shaving, and miscellaneous personal care products except electrical products",12,Goods,Nondurable goods,Other nondurable goods,Personal care products,"Hair, dental, shaving, and miscellaneous personal care products except electrical products",,,,,,84
139,Cosmetic / perfumes / bath / nail preparations and implements,12,Goods,Nondurable goods,Other nondurable goods,Personal care products,Cosmetic / perfumes / bath / nail preparations and implements,,,,,,85
140,Electric appliances for personal care,12,Goods,Nondurable goods,Other nondurable goods,Personal care products,Electric appliances for personal care,,,,,,86
141,Tobacco,8,Goods,Nondurable goods,Other nondurable goods,Tobacco,,,,,,,87
143,Newspapers and periodicals,12,Goods,Nondurable goods,Other nondurable goods,"Magazines, newspapers, and stationery",Newspapers and periodicals,,,,,,88
144,Stationery and miscellaneous printed materials,12,Goods,Nondurable goods,Other nondurable goods,"Magazines, newspapers, and stationery",Stationery and miscellaneous printed materials,,,,,,89
147,Government employees' expenditures abroad,14,Goods,Nondurable goods,Other nondurable goods,Net expenditures abroad by U.S. residents,Expenditures abroad by U.S. residents,Government employees' expenditures abroad,,,,,90
148,Private employees' expenditures abroad,14,Goods,Nondurable goods,Other nondurable goods,Net expenditures abroad by U.S. residents,Expenditures abroad by U.S. residents,Private employees' expenditures abroad,,,,,91
149,Less: Personal remittances in kind to nonresidents,12,Goods,Nondurable goods,Other nondurable goods,Net expenditures abroad by U.S. residents,Less: Personal remittances in kind to nonresidents,,,,,,92
155,Tenant-occupied mobile homes,14,Services,Household consumption expenditures (for services),Housing and utilities,Housing,Rental of tenant-occupied nonfarm housing,Tenant-occupied mobile homes,,,,,93
156,Tenant-occupied stationary homes and landlord durables,14,Services,Household consumption expenditures (for services),Housing and utilities,Housing,Rental of tenant-occupied nonfarm housing,Tenant-occupied stationary homes and landlord durables,,,,,94
161,Owner-occupied mobile homes,14,Services,Household consumption expenditures (for services),Housing and utilities,Housing,Imputed rental of owner-occupied nonfarm housing,Owner-occupied mobile homes,,,,,95
162,Owner-occupied stationary homes,14,Services,Household consumption expenditures (for services),Housing and utilities,Housing,Imputed rental of owner-occupied nonfarm housing,Owner-occupied stationary homes,,,,,96
163,Rental value of farm dwellings,12,Services,Household consumption expenditures (for services),Housing and utilities,Housing,Rental value of farm dwellings,,,,,,97
164,Group housing,12,Services,Household consumption expenditures (for services),Housing and utilities,Housing,Group housing,,,,,,98
167,Water supply and sewage maintenance,14,Services,Household consumption expenditures (for services),Housing and utilities,Household utilities,Water supply and sanitation,Water supply and sewage maintenance,,,,,99
168,Garbage and trash collection,14,Services,Household consumption expenditures (for services),Housing and utilities,Household utilities,Water supply and sanitation,Garbage and trash collection,,,,,100
170,Electricity,14,Services,Household consumption expenditures (for services),Housing and utilities,Household utilities,Electricity and gas,Electricity,,,,,101
171,Natural gas,14,Services,Household consumption expenditures (for services),Housing and utilities,Household utilities,Electricity and gas,Natural gas,,,,,102
174,Physician services,12,Services,Household consumption expenditures (for services),Health care,Outpatient services,Physician services,,,,,,103
175,Dental services,12,Services,Household consumption expenditures (for services),Health care,Outpatient services,Dental services,,,,,,104
177,Home health care,14,Services,Household consumption expenditures (for services),Health care,Outpatient services,Paramedical services,Home health care,,,,,105
178,Medical laboratories,14,Services,Household consumption expenditures (for services),Health care,Outpatient services,Paramedical services,Medical laboratories,,,,,106
180,Specialty outpatient care facilities and health and allied services,16,Services,Household consumption expenditures (for services),Health care,Outpatient services,Paramedical services,Other professional medical services,Specialty outpatient care facilities and health and allied services,,,,107
181,All other professional medical services,16,Services,Household consumption expenditures (for services),Health care,Outpatient services,Paramedical services,Other professional medical services,All other professional medical services,,,,108
184,Nonprofit hospitals' services to households,14,Services,Household consumption expenditures (for services),Health care,Hospital and nursing home services,Hospitals,Nonprofit hospitals' services to households,,,,,109
185,Proprietary hospitals,14,Services,Household consumption expenditures (for services),Health care,Hospital and nursing home services,Hospitals,Proprietary hospitals,,,,,110
186,Government hospitals,14,Services,Household consumption expenditures (for services),Health care,Hospital and nursing home services,Hospitals,Government hospitals,,,,,111
188,Nonprofit nursing homes' services to households,14,Services,Household consumption expenditures (for services),Health care,Hospital and nursing home services,Nursing homes,Nonprofit nursing homes' services to households,,,,,112
189,Proprietary and government nursing homes,14,Services,Household consumption expenditures (for services),Health care,Hospital and nursing home services,Nursing homes,Proprietary and government nursing homes,,,,,113
192,Motor vehicle maintenance and repair,12,Services,Household consumption expenditures (for services),Transportation services,Motor vehicle services,Motor vehicle maintenance and repair,,,,,,114
195,Auto leasing,16,Services,Household consumption expenditures (for services),Transportation services,Motor vehicle services,Other motor vehicle services,Motor vehicle leasing,Auto leasing,,,,115
196,Truck leasing,16,Services,Household consumption expenditures (for services),Transportation services,Motor vehicle services,Other motor vehicle services,Motor vehicle leasing,Truck leasing,,,,116
197,Motor vehicle rental,14,Services,Household consumption expenditures (for services),Transportation services,Motor vehicle services,Other motor vehicle services,Motor vehicle rental,,,,,117
198,Parking fees and tolls,14,Services,Household consumption expenditures (for services),Transportation services,Motor vehicle services,Other motor vehicle services,Parking fees and tolls,,,,,118
201,Railway transportation,14,Services,Household consumption expenditures (for services),Transportation services,Public transportation,Ground transportation,Railway transportation,,,,,119
203,Intercity buses,16,Services,Household consumption expenditures (for services),Transportation services,Public transportation,Ground transportation,Road transportation,Intercity buses,,,,120
204,Taxicabs and ride sharing services,16,Services,Household consumption expenditures (for services),Transportation services,Public transportation,Ground transportation,Road transportation,Taxicabs and ride sharing services,,,,121
205,Intracity mass transit,16,Services,Household consumption expenditures (for services),Transportation services,Public transportation,Ground transportation,Road transportation,Intracity mass transit,,,,122
206,Other road transportation service,16,Services,Household consumption expenditures (for services),Transportation services,Public transportation,Ground transportation,Road transportation,Other road transportation service,,,,123
207,Air transportation,12,Services,Household consumption expenditures (for services),Transportation services,Public transportation,Air transportation,,,,,,124
208,Water transportation,12,Services,Household consumption expenditures (for services),Transportation services,Public transportation,Water transportation,,,,,,125
211,Membership clubs and participant sports centers,12,Services,Household consumption expenditures (for services),Recreation services,"Membership clubs, sports centers, parks, theaters, and museums",Membership clubs and participant sports centers,,,,,,126
212,"Amusement parks, campgrounds, and related recreational services",12,Services,Household consumption expenditures (for services),Recreation services,"Membership clubs, sports centers, parks, theaters, and museums","Amusement parks, campgrounds, and related recreational services",,,,,,127
214,Motion picture theaters,14,Services,Household consumption expenditures (for services),Recreation services,"Membership clubs, sports centers, parks, theaters, and museums",Admissions to specified spectator amusements,Motion picture theaters,,,,,128
215,"Live entertainment, excluding sports",14,Services,Household consumption expenditures (for services),Recreation services,"Membership clubs, sports centers, parks, theaters, and museums",Admissions to specified spectator amusements,"Live entertainment, excluding sports",,,,,129
216,Spectator sports,14,Services,Household consumption expenditures (for services),Recreation services,"Membership clubs, sports centers, parks, theaters, and museums",Admissions to specified spectator amusements,Spectator sports,,,,,130
217,Museums and libraries,12,Services,Household consumption expenditures (for services),Recreation services,"Membership clubs, sports centers, parks, theaters, and museums",Museums and libraries,,,,,,131
219,"Cable, satellite, and other live television services",12,Services,Household consumption expenditures (for services),Recreation services,"Audio-video, photographic, and information processing equipment services","Cable, satellite, and other live television services",,,,,,132
220,Photo processing,12,Services,Household consumption expenditures (for services),Recreation services,"Audio-video, photographic, and information processing equipment services",Photo processing,,,,,,133
221,Photo studios,12,Services,Household consumption expenditures (for services),Recreation services,"Audio-video, photographic, and information processing equipment services",Photo studios,,,,,,134
222,"Repair and rental of audio-visual, photographic, and information processing equipment",12,Services,Household consumption expenditures (for services),Recreation services,"Audio-video, photographic, and information processing equipment services","Repair and rental of audio-visual, photographic, and information processing equipment",,,,,,135
223,Video and audio streaming and rental,12,Services,Household consumption expenditures (for services),Recreation services,"Audio-video, photographic, and information processing equipment services",Video and audio streaming and rental,,,,,,136
227,Casino gambling,12,Services,Household consumption expenditures (for services),Recreation services,Gambling,Casino gambling,,,,,,137
228,Lotteries,12,Services,Household consumption expenditures (for services),Recreation services,Gambling,Lotteries,,,,,,138
229,Pari-mutuel net receipts,12,Services,Household consumption expenditures (for services),Recreation services,Gambling,Pari-mutuel net receipts,,,,,,139
231,Veterinary and other services for pets,12,Services,Household consumption expenditures (for services),Recreation services,Other recreational services,Veterinary and other services for pets,,,,,,140
232,Package tours,12,Services,Household consumption expenditures (for services),Recreation services,Other recreational services,Package tours,,,,,,141
233,Maintenance and repair of recreational vehicles and sports equipment,12,Services,Household consumption expenditures (for services),Recreation services,Other recreational services,Maintenance and repair of recreational vehicles and sports equipment,,,,,,142
239,Elementary and secondary school lunches,20,Services,Household consumption expenditures (for services),Food services and accommodations,Food services,Purchased meals and beverages,Meals and nonalcoholic beverages,Meals at schools,Elementary and secondary school lunches,,,143
240,Higher education school lunches,20,Services,Household consumption expenditures (for services),Food services and accommodations,Food services,Purchased meals and beverages,Meals and nonalcoholic beverages,Meals at schools,Higher education school lunches,,,144
242,Meals at limited service eating places,20,Services,Household consumption expenditures (for services),Food services and accommodations,Food services,Purchased meals and beverages,Meals and nonalcoholic beverages,Other purchased meals,Meals at limited service eating places,,,145
243,Meals at other eating places,20,Services,Household consumption expenditures (for services),Food services and accommodations,Food services,Purchased meals and beverages,Meals and nonalcoholic beverages,Other purchased meals,Meals at other eating places,,,146
244,Meals at drinking places,20,Services,Household consumption expenditures (for services),Food services and accommodations,Food services,Purchased meals and beverages,Meals and nonalcoholic beverages,Other purchased meals,Meals at drinking places,,,147
245,Alcohol in purchased meals,14,Services,Household consumption expenditures (for services),Food services and accommodations,Food services,Purchased meals and beverages,Alcohol in purchased meals,,,,,148
246,Food furnished to employees (including military),12,Services,Household consumption expenditures (for services),Food services and accommodations,Food services,Food furnished to employees (including military),,,,,,149
250,Hotels and motels,12,Services,Household consumption expenditures (for services),Food services and accommodations,Accommodations,Hotels and motels,,,,,,150
251,Housing at schools,12,Services,Household consumption expenditures (for services),Food services and accommodations,Accommodations,Housing at schools,,,,,,151
255,Commercial banks,14,Services,Household consumption expenditures (for services),Financial services and insurance,Financial services,Financial services furnished without payment,Commercial banks,,,,,152
256,Other depository institutions and regulated investment companies,14,Services,Household consumption expenditures (for services),Financial services and insurance,Financial services,Financial services furnished without payment,Other depository institutions and regulated investment companies,,,,,153
257,Pension funds,14,Services,Household consumption expenditures (for services),Financial services and insurance,Financial services,Financial services furnished without payment,Pension funds,,,,,154
259,Financial service charges and fees,14,Services,Household consumption expenditures (for services),Financial services and insurance,Financial services,"Financial service charges, fees, and commissions",Financial service charges and fees,,,,,155
262,Exchange-listed equities,20,Services,Household consumption expenditures (for services),Financial services and insurance,Financial services,"Financial service charges, fees, and commissions",Securities commissions,Direct commissions,Exchange-listed equities,,,156
263,Other direct commissions,20,Services,Household consumption expenditures (for services),Financial services and insurance,Financial services,"Financial service charges, fees, and commissions",Securities commissions,Direct commissions,Other direct commissions,,,157
265,Over-the-counter equity securities,20,Services,Household consumption expenditures (for services),Financial services and insurance,Financial services,"Financial service charges, fees, and commissions",Securities commissions,Indirect commissions,Over-the-counter equity securities,,,158
266,Other imputed commissions,20,Services,Household consumption expenditures (for services),Financial services and insurance,Financial services,"Financial service charges, fees, and commissions",Securities commissions,Indirect commissions,Other imputed commissions,,,159
267,Mutual fund sales charges,16,Services,Household consumption expenditures (for services),Financial services and insurance,Financial services,"Financial service charges, fees, and commissions",Securities commissions,Mutual fund sales charges,,,,160
268,Portfolio management and investment advice services,14,Services,Household consumption expenditures (for services),Financial services and insurance,Financial services,"Financial service charges, fees, and commissions",Portfolio management and investment advice services,,,,,161
269,"Trust, fiduciary, and custody activities",14,Services,Household consumption expenditures (for services),Financial services and insurance,Financial services,"Financial service charges, fees, and commissions","Trust, fiduciary, and custody activities",,,,,162
271,Life insurance,12,Services,Household consumption expenditures (for services),Financial services and insurance,Insurance,Life insurance,,,,,,163
272,Net household insurance,12,Services,Household consumption expenditures (for services),Financial services and insurance,Insurance,Net household insurance,,,,,,164
276,Medical care and hospitalization,14,Services,Household consumption expenditures (for services),Financial services and insurance,Insurance,Net health insurance,Medical care and hospitalization,,,,,165
277,Income loss,14,Services,Household consumption expenditures (for services),Financial services and insurance,Insurance,Net health insurance,Income loss,,,,,166
278,Workers' compensation,14,Services,Household consumption expenditures (for services),Financial services and insurance,Insurance,Net health insurance,Workers' compensation,,,,,167
279,Net motor vehicle and other transportation insurance,12,Services,Household consumption expenditures (for services),Financial services and insurance,Insurance,Net motor vehicle and other transportation insurance,,,,,,168
283,"Land-line telephone services, local charges",14,Services,Household consumption expenditures (for services),Other services,Communication,Telecommunication services,"Land-line telephone services, local charges",,,,,169
284,"Land-line telephone services, long-distance charges",14,Services,Household consumption expenditures (for services),Other services,Communication,Telecommunication services,"Land-line telephone services, long-distance charges",,,,,170
285,Cellular telephone services,14,Services,Household consumption expenditures (for services),Other services,Communication,Telecommunication services,Cellular telephone services,,,,,171
287,First-class postal service (by U.S. Postal Service),14,Services,Household consumption expenditures (for services),Other services,Communication,Postal and delivery services,First-class postal service (by U.S. Postal Service),,,,,172
288,Other delivery services (by non-U.S. postal facilities),14,Services,Household consumption expenditures (for services),Other services,Communication,Postal and delivery services,Other delivery services (by non-U.S. postal facilities),,,,,173
289,Internet access,12,Services,Household consumption expenditures (for services),Other services,Communication,Internet access,,,,,,174
292,Proprietary and public higher education,14,Services,Household consumption expenditures (for services),Other services,Education services,Higher education,Proprietary and public higher education,,,,,175
293,Nonprofit private higher education services to households,14,Services,Household consumption expenditures (for services),Other services,Education services,Higher education,Nonprofit private higher education services to households,,,,,176
295,Elementary and secondary schools,14,Services,Household consumption expenditures (for services),Other services,Education services,"Nursery, elementary, and secondary schools",Elementary and secondary schools,,,,,177
296,Day care and nursery schools,14,Services,Household consumption expenditures (for services),Other services,Education services,"Nursery, elementary, and secondary schools",Day care and nursery schools,,,,,178
297,Commercial and vocational schools,12,Services,Household consumption expenditures (for services),Other services,Education services,Commercial and vocational schools,,,,,,179
299,Legal services,12,Services,Household consumption expenditures (for services),Other services,Professional and other services,Legal services,,,,,,180
301,Tax preparation and other related services,14,Services,Household consumption expenditures (for services),Other services,Professional and other services,Accounting and other business services,Tax preparation and other related services,,,,,181
302,Employment agency services,14,Services,Household consumption expenditures (for services),Other services,Professional and other services,Accounting and other business services,Employment agency services,,,,,182
303,Other personal business services,14,Services,Household consumption expenditures (for services),Other services,Professional and other services,Accounting and other business services,Other personal business services,,,,,183
304,Labor organization dues,12,Services,Household consumption expenditures (for services),Other services,Professional and other services,Labor organization dues,,,,,,184
305,Professional association dues,12,Services,Household consumption expenditures (for services),Other services,Professional and other services,Professional association dues,,,,,,185
306,Funeral and burial services,12,Services,Household consumption expenditures (for services),Other services,Professional and other services,Funeral and burial services,,,,,,186
309,Hairdressing salons and personal grooming establishments,14,Services,Household consumption expenditures (for services),Other services,Personal care and clothing services,Personal care services,Hairdressing salons and personal grooming establishments,,,,,187
310,Miscellaneous personal care services,14,Services,Household consumption expenditures (for services),Other services,Personal care and clothing services,Personal care services,Miscellaneous personal care services,,,,,188
312,Laundry and drycleaning services,14,Services,Household consumption expenditures (for services),Other services,Personal care and clothing services,Clothing and footwear services,Laundry and drycleaning services,,,,,189
313,"Clothing repair, rental, and alterations",14,Services,Household consumption expenditures (for services),Other services,Personal care and clothing services,Clothing and footwear services,"Clothing repair, rental, and alterations",,,,,190
314,Repair and hire of footwear,14,Services,Household consumption expenditures (for services),Other services,Personal care and clothing services,Clothing and footwear services,Repair and hire of footwear,,,,,191
316,Child care,12,Services,Household consumption expenditures (for services),Other services,Social services and religious activities,Child care,,,,,,192
318,Homes for the elderly,14,Services,Household consumption expenditures (for services),Other services,Social services and religious activities,Social assistance,Homes for the elderly,,,,,193
319,Residential mental health and substance abuse,14,Services,Household consumption expenditures (for services),Other services,Social services and religious activities,Social assistance,Residential mental health and substance abuse,,,,,194
320,Individual and family services,14,Services,Household consumption expenditures (for services),Other services,Social services and religious activities,Social assistance,Individual and family services,,,,,195
321,Vocational rehabilitation services,14,Services,Household consumption expenditures (for services),Other services,Social services and religious activities,Social assistance,Vocational rehabilitation services,,,,,196
322,Community food and housing / emergency / other relief services,14,Services,Household consumption expenditures (for services),Other services,Social services and religious activities,Social assistance,Community food and housing / emergency / other relief services,,,,,197
323,"Other social assistance, not elsewere classified",14,Services,Household consumption expenditures (for services),Other services,Social services and religious activities,Social assistance,"Other social assistance, not elsewere classified",,,,,198
324,Social advocacy and civic and social organizations,12,Services,Household consumption expenditures (for services),Other services,Social services and religious activities,Social advocacy and civic and social organizations,,,,,,199
325,Religious organizations' services to households,12,Services,Household consumption expenditures (for services),Other services,Social services and religious activities,Religious organizations' services to households,,,,,,200
326,Foundations and grantmaking and giving services to households,12,Services,Household consumption expenditures (for services),Other services,Social services and religious activities,Foundations and grantmaking and giving services to households,,,,,,201
328,Domestic services,12,Services,Household consumption expenditures (for services),Other services,Household maintenance,Domestic services,,,,,,202
329,"Moving, storage, and freight services",12,Services,Household consumption expenditures (for services),Other services,Household maintenance,"Moving, storage, and freight services",,,,,,203
330,"Repair of furniture, furnishings, and floor coverings",12,Services,Household consumption expenditures (for services),Other services,Household maintenance,"Repair of furniture, furnishings, and floor coverings",,,,,,204
331,Repair of household appliances,12,Services,Household consumption expenditures (for services),Other services,Household maintenance,Repair of household appliances,,,,,,205
332,Other household services,12,Services,Household consumption expenditures (for services),Other services,Household maintenance,Other household services,,,,,,206
335,Passenger fares for foreign travel,14,Services,Household consumption expenditures (for services),Other services,Net foreign travel,Foreign travel by U.S. residents,Passenger fares for foreign travel,,,,,207
336,U.S. travel outside the United States,14,Services,Household consumption expenditures (for services),Other services,Net foreign travel,Foreign travel by U.S. residents,U.S. travel outside the United States,,,,,208
337,U.S. student expenditures,14,Services,Household consumption expenditures (for services),Other services,Net foreign travel,Foreign travel by U.S. residents,U.S. student expenditures,,,,,209
338,Less: Expenditures in the United States by nonresidents,12,Services,Household consumption expenditures (for services),Other services,Net foreign travel,Less: Expenditures in the United States by nonresidents,,,,,,210
342,Final consumption expenditures of nonprofit institutions serving households (NPISHs),4,Services,Final consumption expenditures of nonprofit institutions serving households (NPISHs),,,,,,,,,211
