"Use Table, After Redefinitions"
"Use Table, After Redefinitions"
"March 15, 2024"
,Commodities/Industries,111,112,113FF,211,212,213,2211,2212NW,23EH,23MR,23OC,23OR,23OT,23PC,23SF,23TH,321,327,3311IS,3313NF,332,33311,33312,33313,3332OM,3341,3342,3344,3345,334X,335,336111,336112,33612,3362BP,3364,3365AO,337,3391,3399,311,3121,3122,313TT,315AL,322,323,324,3251,3252,3254,325X,326,4231,4234,4236,4238,423X,4242,4244,4247,424X,425,42ID,441,445,452,444,446,447,448,454,4A0X,481,482,483,484,485,486,48A,492,493,5111,5112,512,515,5171,5172,5174OT,518,519,521CI,523,524113,5241XX,5242,525,HSO,HST,ORE,532RL,5411,5415,5412,5413,5416,5417,5418,541X,55,5613,5617,561X,562,61,6211,6212,6213,6214,6215OH,622,623,624,711AS,713,721,722,811,812,813,814,GFGD,GFGN,GFE,GSLGE,GSLGH,GSLGO,GSLE,,F010,F02E,F02N,F02R,F02S,F030,F040,F050,F06C,F06E,F06N,F06S,F07C,F07E,F07N,F07S,F10C,F10E,F10N,F10S,TOTFU,
,Name,Crop production,Animal production and aquaculture,"Forestry, fishing, and related activities",Oil and gas extraction,"Mining, except oil and gas",Support activities for mining,"Electric power generation, transmission, and distribution","Natural gas distribution and water, sewage and other systems","Education, hospital, and health structures",Maintenance and repair construction,Office and commercial structures,Other residential construction,Other nonresidential structures,Power and communication structures,Single-family residential structures,Transportation structures and highways and streets,Wood products,Nonmetallic mineral products,Iron and steel mills and manufacturing from purchased steel,Nonferrous metal production and processing and foundries,Fabricated metal products,Agricultural implement manufacturing,Construction machinery manufacturing,Mining and oil and gas field machinery manufacturing,Other machinery,Computer and peripheral equipment manufacturing,Communications equipment manufacturing,Semiconductor and other electronic component manufacturing,"Navigational, measuring, electromedical, and control instruments manufacturing",Other computer and electronic product manufacturing,"Electrical equipment, appliances, and components",Automobile manufacturing,Light truck and utility vehicle manufacturing,Heavy duty truck manufacturing,"Motor vehicle body, trailer, and parts manufacturing",Aerospace product and parts manufacturing,All other transportation equipment manufacturing,Furniture and related products,Medical equipment and supplies manufacturing,Other miscellaneous manufacturing,Food manufacturing,Beverage manufacturing,Tobacco product manufacturing,Textile mills and textile product mills,Apparel and leather and allied products,Paper products,Printing and related support activities,Petroleum and coal products,Basic chemical manufacturing,"Resin, rubber, and artificial fibers manufacturing",Pharmaceutical and medicine manufacturing,Other chemical manufacturing,Plastics and rubber products,Motor vehicle and motor vehicle parts and supplies merchant wholesalers,Professional and commercial equipment and supplies merchant wholesalers,Household appliances and electrical and electronic goods merchant wholesalers,"Machinery, equipment, and supplies merchant wholesalers",Other durable goods merchant wholesalers,Drugs and druggists sundries merchant wholesalers,Grocery and related products merchant wholesalers,Petroleum and petroleum products merchant wholesalers,Other nondurable goods merchant wholesalers,Wholesale electronic markets and agents and brokers,Customs duties,Motor vehicle and parts dealers,Food and beverage stores,General merchandise stores,Building material and garden equipment and supplies dealers,Health and personal care stores,Gasoline stations,Clothing and clothing accessories stores,Nonstore retailers,All other retail,Air transportation,Rail transportation,Water transportation,Truck transportation,Transit and ground passenger transportation,Pipeline transportation,Scenic and sightseeing transportation and support activities,Couriers and messengers,Warehousing and storage,"Newspaper, periodical, book, and directory publishers",Software publishers,Motion picture and sound recording industries,Broadcasting (except Internet),Wired telecommunications carriers,Wireless telecommunications carriers (except satellites),"Other telecommunications, including satellite","Data processing, hosting, and related services",Other information services,"Federal Reserve banks, credit intermediation, and related activities","Securities, commodity contracts, and investments",Direct life insurance carriers,"Insurance Carriers, except Direct Life Insurance","Agencies, brokerages, and other insurance related activities","Funds, trusts, and other financial vehicles",Owner-occupied housing,Tenant-occupied housing,Other real estate,Rental and leasing services and lessors of intangible assets,Legal services,Computer systems design and related services,"Accounting, tax preparation, bookkeeping, and payroll services","Architectural, engineering, and related services","Management, scientific, and technical consulting services",Scientific research and development services,"Advertising, public relations, and related services","Specialized design services and other professional, scientific, and technical services",Management of companies and enterprises,Employment services,Services to buildings and dwellings,Other administrative and support services,Waste management and remediation services,Educational services,Offices of physicians,Offices of dentists,Offices of other health practitioners,Outpatient care centers,Other ambulatory health care services,Hospitals,Nursing and residential care facilities,Social assistance,"Performing arts, spectator sports, museums, and related activities","Amusements, gambling, and recreation industries",Accommodation,Food services and drinking places,Repair and maintenance,Personal and laundry services,"Religious, grantmaking, civic, professional, and similar organizations",Private households,Federal general government (defense),Federal general government (nondefense),Federal government enterprises,State and local government educational services,State and local government hospitals and health services,State and local government other services,State and local government enterprises,Total Intermediate,Personal consumption expenditures,Nonresidential private fixed investment in equipment,Nonresidential private fixed investment in intellectual property products,Residential private fixed investment,Nonresidential private fixed investment in structures,Change in private inventories,Exports of goods and services,Imports of goods and services,National defense: Consumption expenditures,Federal national defense: Gross investment in equipment,Federal national defense: Gross investment in intellectual property products,Federal national defense: Gross investment in structures,Nondefense: Consumption expenditures,Federal nondefense: Gross investment in equipment,Federal nondefense: Gross investment in intellectual property products,Federal nondefense: Gross investment in structures,State and local government consumption expenditures,State and local: Gross investment in equipment,State and local: Gross investment in intellectual property products,State and local: Gross investment in structures,Total Final Uses,Total Commodity Output
111,Crop production,22609,8451,97,0,15,12,0,0,20,414,36,386,37,19,155,20,0,0,0,0,0,0,0,0,0,0,0,0,0,0,0,0,0,0,0,0,0,0,0,165,68988,5174,1583,1812,0,0,0,0,13927,0,48,0,0,0,1,0,0,0,0,1,1,36,0,0,541,227,14,0,0,252,0,0,0,0,0,0,0,0,0,31,0,0,0,0,0,0,0,0,0,0,0,1,0,0,0,0,0,0,0,5,0,1,0,9,11,7,165,21,0,4,0,1048,2,0,136,0,0,0,0,0,0,0,0,0,39,22,497,0,0,17,0,0,-99,0,303,149,1265,0,128675,64009,0,0,0,0,-5556,35740,-34632,0,0,0,0,0,0,0,0,0,0,0,0,59561,188236
112,Animal production and aquaculture,657,48109,396,0,0,0,0,0,0,0,0,0,0,0,0,0,0,0,0,0,0,0,0,0,0,0,0,0,0,0,0,0,0,0,0,0,0,0,0,11,140125,2,0,291,0,0,0,0,0,0,0,0,0,0,0,0,0,0,0,0,0,0,0,0,0,0,2,0,0,0,0,0,0,0,0,0,0,0,0,14,0,0,0,0,0,0,0,0,0,0,0,0,0,0,0,0,0,0,0,0,0,0,0,0,0,0,840,0,0,24,0,0,10,0,52,0,0,0,0,0,0,0,0,0,352,19,2578,0,0,1,0,11,0,0,20,115,275,0,193904,11512,0,0,0,0,1976,2123,-6564,0,0,0,0,0,0,0,0,0,0,0,0,9047,202951
113FF,"Forestry, fishing, and related activities",19698,3222,7311,0,77,0,0,0,0,0,0,0,0,0,0,0,11602,1,0,0,0,0,0,0,0,0,0,0,0,0,0,0,0,0,0,0,0,91,0,222,7732,104,0,0,129,2945,22,0,199,6,0,124,1775,0,0,0,0,0,0,0,0,0,0,0,0,678,0,0,0,0,0,0,0,0,0,0,0,0,0,1,0,0,0,0,0,0,0,0,0,0,0,0,0,0,0,0,0,0,0,0,0,0,0,0,0,0,287,0,0,22,0,2,0,0,61,0,0,0,0,0,0,0,0,0,200,367,4503,0,0,107,0,0,0,15,48,250,2879,0,64680,6572,0,0,0,0,434,6514,-17918,0,0,0,0,0,0,0,0,0,0,0,0,-4398,60282
211,Oil and gas extraction,0,0,0,16095,0,0,5027,3871,0,0,0,0,0,0,0,0,2,0,0,2,0,0,0,0,0,0,0,0,0,0,0,0,0,0,0,0,0,0,0,0,0,0,0,0,0,0,0,283512,4899,14,5,50,0,0,0,1,0,0,0,0,0,1,0,0,4,0,1,4,0,0,0,0,0,0,0,0,0,0,7,0,0,75,2,1,0,0,0,0,1,1,5,0,0,0,0,0,0,0,0,33,0,0,0,2,1,0,1,0,0,2,0,0,0,2,182,0,0,0,0,0,0,0,0,0,21,0,0,0,1,1,0,0,0,1370,0,0,0,16762,331958,0,0,0,0,0,-3057,30506,-146746,0,0,0,0,0,0,0,0,0,0,0,0,-119297,212661
212,"Mining, except oil and gas",830,515,0,79,7693,88,3281,152,205,2998,1534,2484,950,367,2547,2296,13,9169,5212,3560,494,44,0,30,36,0,5,0,0,2,80,0,7,0,63,151,5,16,52,20,1359,123,43,54,0,1790,0,3133,3441,81,13,2055,183,0,3,0,0,11,0,3,0,5,0,0,0,0,0,0,0,0,1,0,0,0,91,0,5,1,0,2,0,3,35,0,18,112,157,12,37,30,357,0,0,0,0,0,0,3,5,0,0,0,0,0,534,0,585,0,0,47,0,523,353,75,418,0,0,0,0,0,29,38,70,280,885,166,919,173,904,202,0,0,3287,0,293,378,1127,5161,74591,173,104,0,0,0,-1123,15849,-5116,0,0,0,0,0,0,0,0,0,0,0,0,9887,84478
213,Support activities for mining,0,0,0,12422,1040,3006,0,0,0,0,0,0,0,0,0,0,0,0,0,0,0,0,0,0,0,0,0,0,0,0,0,0,0,0,0,0,0,0,0,0,0,0,0,0,0,0,0,0,0,0,0,0,0,0,0,0,0,0,0,0,0,0,0,0,0,0,0,0,0,0,0,0,0,0,0,0,0,0,0,0,0,0,0,0,0,0,0,0,0,0,0,0,0,0,0,0,0,0,0,0,0,0,0,0,0,0,22,0,0,2,0,0,0,0,0,0,0,0,0,0,0,0,0,0,0,0,0,0,0,0,0,0,0,0,0,0,0,0,16492,0,2288,0,0,97579,-87,3045,-1048,0,0,0,0,0,0,0,0,0,0,0,0,101777,118269
2211,"Electric power generation, transmission, and distribution",1473,1597,84,2613,3562,660,9375,469,662,1465,826,1929,732,364,1579,678,1665,3302,2470,2286,4072,144,149,147,1984,19,77,1332,366,3,652,51,241,32,2392,1657,426,572,411,440,5730,794,211,777,17,5194,1429,4459,5985,2181,986,1676,4498,943,966,1055,1307,2566,1142,2089,322,3085,445,0,4471,9293,8314,2049,2024,4682,1872,2477,2967,240,26,103,3635,251,528,830,233,2180,326,625,493,393,2603,1017,165,2215,758,4119,935,67,329,308,7,0,602,36270,818,687,506,381,799,459,1969,440,728,5018,291,735,1678,679,770,1585,383,390,1498,441,8314,3645,1296,918,3237,7011,20634,1941,2217,1195,0,1580,302,1926,1361,622,1844,1263,277783,177661,0,0,0,0,0,2744,-2431,0,0,0,0,0,0,0,0,0,0,0,0,177974,455757
2212NW,"Natural gas distribution and water, sewage and other systems",5497,687,19,1447,178,69,1233,234,20,210,80,316,95,55,193,124,195,614,244,187,794,25,25,21,277,1,3,81,95,1,115,5,78,7,513,302,91,115,52,78,1545,191,46,105,3,1024,118,1537,2355,386,129,915,447,20,64,433,74,256,35,202,34,221,31,0,639,280,169,143,101,215,91,84,188,44,44,171,726,52,170,467,104,577,36,22,48,54,72,21,48,35,35,541,111,18,69,63,2834,1,0,6090,591,87,42,60,98,90,71,13,68,189,25,287,425,816,3993,168,33,5,81,52,756,431,80,105,255,745,1536,281,346,484,0,1931,899,866,5103,2881,7777,1583,72163,87756,0,0,0,0,0,1265,0,0,0,0,0,0,0,0,0,0,0,0,0,89021,161184
23EH,"Education, hospital, and health structures",0,0,0,0,0,0,0,0,0,0,0,0,0,0,0,0,0,0,0,0,0,0,0,0,0,0,0,0,0,0,0,0,0,0,0,0,0,0,0,0,0,0,0,0,0,0,0,0,0,0,0,0,0,0,0,0,0,0,0,0,0,0,0,0,0,0,0,0,0,0,0,0,0,0,0,0,0,0,0,0,0,0,0,0,0,0,0,0,0,0,0,0,0,0,0,0,0,0,0,0,0,0,0,0,0,0,0,0,0,0,0,0,0,0,0,0,0,0,0,0,0,0,0,0,0,0,0,0,0,0,0,0,0,0,0,0,0,0,0,0,0,0,0,58226,0,0,0,0,0,0,2402,0,0,0,2309,0,0,0,85366,148303,148303
23MR,Maintenance and repair construction,1301,244,33,177,2689,2107,6980,411,3,57,26,49,31,19,32,29,308,817,461,419,1256,58,79,59,705,3,18,302,206,0,142,13,125,9,613,362,151,126,168,125,1382,160,68,87,4,905,295,9279,985,369,258,378,685,520,171,306,451,525,137,284,200,693,82,0,1383,907,1905,509,293,1348,410,287,525,227,2394,51,561,313,470,982,344,813,67,67,107,51,513,1611,162,184,369,5930,1288,205,74,385,103,71972,3792,43306,612,177,60,123,687,46,357,39,297,737,69,183,547,130,295,257,52,49,295,64,1110,581,480,138,475,4993,2010,514,557,2170,0,7733,486,540,8782,4506,17479,48322,288797,0,0,0,0,0,0,99,0,0,0,0,0,0,0,0,0,0,0,0,0,99,288896
23OC,Office and commercial structures,0,0,0,0,0,0,0,0,0,0,0,0,0,0,0,0,0,0,0,0,0,0,0,0,0,0,0,0,0,0,0,0,0,0,0,0,0,0,0,0,0,0,0,0,0,0,0,0,0,0,0,0,0,0,0,0,0,0,0,0,0,0,0,0,0,0,0,0,0,0,0,0,0,0,0,0,0,0,0,0,0,0,0,0,0,0,0,0,0,0,0,0,0,0,0,0,0,0,0,0,0,0,0,0,0,0,0,0,0,0,0,0,0,0,0,0,0,0,0,0,0,0,0,0,0,0,0,0,0,0,0,0,0,0,0,0,0,0,0,0,0,0,0,143467,0,327,0,0,0,0,1421,0,0,0,2352,0,0,0,22145,169712,169712
23OR,Other residential construction,0,0,0,0,0,0,0,0,0,0,0,0,0,0,0,0,0,0,0,0,0,0,0,0,0,0,0,0,0,0,0,0,0,0,0,0,0,0,0,0,0,0,0,0,0,0,0,0,0,0,0,0,0,0,0,0,0,0,0,0,0,0,0,0,0,0,0,0,0,0,0,0,0,0,0,0,0,0,0,0,0,0,0,0,0,0,0,0,0,0,0,0,0,0,0,0,0,0,0,0,0,0,0,0,0,0,0,0,0,0,0,0,0,0,0,0,0,0,0,0,0,0,0,0,0,0,0,0,0,0,0,2104,165,0,0,0,0,3526,5795,0,0,0,316845,0,0,0,0,0,0,0,674,0,0,0,0,0,0,0,8752,326271,332066
23OT,Other nonresidential structures,0,0,0,0,0,0,0,0,0,0,0,0,0,0,0,0,0,0,0,0,0,0,0,0,0,0,0,0,0,0,0,0,0,0,0,0,0,0,0,0,0,0,0,0,0,0,0,0,0,0,0,0,0,0,0,0,0,0,0,0,0,0,0,0,0,0,0,0,0,0,0,0,0,0,0,0,0,0,0,0,0,0,0,0,0,0,0,0,0,0,0,0,0,0,0,0,0,0,0,0,0,0,0,0,0,0,0,0,0,0,0,0,0,0,0,0,0,0,0,0,0,0,0,0,0,0,0,0,0,0,0,0,0,0,0,0,0,0,0,0,0,0,0,136350,0,0,0,0,0,0,2504,0,0,0,5286,0,0,0,49738,193878,193878
23PC,Power and communication structures,0,0,0,0,0,0,0,0,0,0,0,0,0,0,0,0,0,0,0,0,0,0,0,0,0,0,0,0,0,0,0,0,0,0,0,0,0,0,0,0,0,0,0,0,0,0,0,0,0,0,0,0,0,0,0,0,0,0,0,0,0,0,0,0,0,0,0,0,0,0,0,0,0,0,0,0,0,0,0,0,0,0,0,0,0,0,0,0,0,0,0,0,0,0,0,0,0,0,0,0,0,0,0,0,0,0,0,0,0,0,0,0,0,0,0,0,0,0,0,0,0,0,0,0,0,0,0,0,0,0,0,0,0,0,0,0,0,0,0,0,0,0,0,113346,0,0,0,0,0,0,62,0,0,0,714,0,0,0,9507,123629,123629
23SF,Single-family residential structures,0,0,0,0,0,0,0,0,0,0,0,0,0,0,0,0,0,0,0,0,0,0,0,0,0,0,0,0,0,0,0,0,0,0,0,0,0,0,0,0,0,0,0,0,0,0,0,0,0,0,0,0,0,0,0,0,0,0,0,0,0,0,0,0,0,0,0,0,0,0,0,0,0,0,0,0,0,0,0,0,0,0,0,0,0,0,0,0,0,0,0,0,0,0,0,0,0,0,0,0,0,0,0,0,0,0,0,0,0,0,0,0,0,0,0,0,0,0,0,0,0,0,0,0,0,0,0,0,0,0,0,0,0,0,0,0,0,0,0,0,0,0,270163,0,0,0,0,0,0,0,26,0,0,0,0,0,0,0,281,270470,270470
23TH,Transportation structures and highways and streets,0,0,0,0,0,0,0,0,0,0,0,0,0,0,0,0,0,0,0,0,0,0,0,0,0,0,0,0,0,0,0,0,0,0,0,0,0,0,0,0,0,0,0,0,0,0,0,0,0,0,0,0,0,0,0,0,0,0,0,0,0,0,0,0,0,0,0,0,0,0,0,0,0,0,0,0,0,0,0,0,0,0,0,0,0,0,0,0,0,0,0,0,0,0,0,0,0,0,0,0,0,0,0,0,0,0,0,0,0,0,0,0,0,0,0,0,0,0,0,0,0,0,0,0,0,0,0,0,0,0,0,0,0,0,0,0,0,0,0,0,0,0,0,14795,0,0,0,0,0,0,871,0,0,0,2183,0,0,0,125205,143054,143054
321,Wood products,420,18,111,0,267,315,0,0,6395,6990,5698,9052,3679,1069,6821,2884,24715,177,8,313,155,0,0,0,816,0,32,78,24,150,429,0,0,0,3138,2,234,6450,310,818,53,191,6,46,0,4708,2,0,163,1,3,40,1131,633,188,363,354,1505,238,787,233,1034,118,0,134,497,112,44,153,40,118,267,112,0,2051,0,142,0,2,18,53,89,43,6,51,126,119,457,13,655,80,101,3,0,0,0,0,20,11,6191,342,7,17,2,293,10,210,10,262,4,4,38,1057,20,26,200,22,3,44,28,291,2,596,6,167,478,604,53,15,317,0,16,55,4,1605,21,371,239,112512,3143,0,0,6305,513,191,5692,-21273,0,0,0,0,0,16,0,0,0,0,0,0,-5413,107099
327,Nonmetallic mineral products,33,0,4,506,440,980,60,1,6049,7527,9267,18402,7589,1563,9677,7316,646,14120,1621,307,1300,254,21,466,1435,23,10,170,157,0,1522,1480,1174,198,2807,102,297,332,439,410,526,2742,0,31,0,502,1,1652,24,72,223,1340,1670,1,2,0,33,11,1,17,2,26,0,0,208,49,1,20,2,1,47,197,127,0,13,0,167,0,0,8,16,66,1,2,1,370,1147,1398,21,600,3,56,31,0,0,16,0,119,22,100,529,0,211,0,1780,468,1155,26,186,57,0,188,756,226,97,788,352,199,22,897,1962,157,366,10,148,116,1903,507,531,218,0,111,562,0,188,498,287,2559,130450,11570,0,0,0,0,526,8215,-25788,0,0,0,0,0,0,0,0,0,0,0,0,-5477,124973
3311IS,Iron and steel mills and manufacturing from purchased steel,52,23,0,2638,495,486,0,0,782,763,253,504,231,79,321,76,106,1307,16238,972,45763,2975,3143,1554,14494,2,106,278,252,13,3746,10,1896,85,17370,3874,2523,1665,386,1606,0,0,0,77,0,53,14,0,47,0,0,1,1368,3,2,1,0,246,0,0,0,13,2,0,2,0,0,0,0,0,1,0,0,0,199,0,0,0,0,132,0,0,10,0,3,29,44,19,9,26,98,0,0,0,0,0,0,0,0,2417,62,0,0,3,407,3,152,4,0,27,0,226,190,264,140,4,7,23,98,39,10,13,216,20,244,28,15,219,98,32,0,0,29,0,9,13,31,153,134662,674,0,0,0,0,1065,12252,-37436,0,0,0,0,0,0,0,0,0,0,0,0,-23445,111217
3313NF,Nonferrous metal production and processing and foundries,0,0,0,0,10,0,4,0,46,400,17,244,75,342,199,54,101,83,4812,38527,21958,309,277,537,13745,22,334,2814,1554,17,10437,29,2600,101,18101,1469,3240,1573,1174,1685,189,1804,2,0,0,866,0,14,0,0,0,8,395,5,0,0,0,147,0,0,0,0,20,0,0,0,0,0,0,0,12,1,3,0,436,0,0,0,0,107,0,0,10,0,3,33,227,34,32,59,104,0,0,0,0,0,0,0,0,0,0,0,0,0,482,0,194,0,0,12,0,40,18,65,0,0,0,0,0,0,8,0,15,0,70,1,85,386,0,13,0,132,451,0,0,0,0,379,133752,73,0,0,0,0,825,17096,-42604,0,0,0,0,0,0,0,0,0,0,0,0,-24610,109142
332,Fabricated metal products,312,1318,97,4686,924,1059,88,694,6443,10300,13756,15247,11406,6554,9114,9298,2556,1655,1305,2762,36220,1343,1261,2103,20885,348,1141,1249,4954,35,8735,532,2045,686,20363,9968,4569,4224,2482,1935,6258,6165,2248,391,25,5875,912,1210,1610,882,115,6452,7532,37,239,51,1034,315,54,198,52,181,35,0,387,171,101,66,78,119,74,170,831,211,400,2271,1745,338,1544,286,268,766,458,622,23,2781,3368,3664,185,951,326,281,121,0,0,0,31,22,1,1600,1241,23,2457,14,2679,143,1580,67,195,544,54,803,1229,3137,422,109,43,9,73,69,1167,21,1985,15,453,1141,2661,4050,239,723,0,5060,1172,205,372,547,2592,5049,333126,16629,13001,0,0,0,1465,29801,-65307,0,553,0,0,0,1356,0,0,0,268,0,0,-2234,330892
33311,Agricultural implement manufacturing,1040,535,23,0,0,0,0,0,0,0,0,0,0,0,0,0,0,0,0,0,0,1237,0,0,0,0,0,0,0,0,0,0,0,0,0,0,0,0,0,0,0,0,0,0,0,0,0,0,0,0,0,0,0,0,0,0,0,11,0,0,0,0,0,0,6,0,0,5,0,0,0,0,7,0,0,0,0,0,0,0,0,0,0,0,0,0,0,0,0,0,0,0,0,0,0,0,0,60,6,0,322,0,0,0,0,0,63,0,0,5,0,37,6,184,0,0,0,0,0,0,0,0,0,15,0,0,0,117,0,0,0,0,0,0,367,0,273,558,4877,760,29628,0,0,0,127,6110,-9573,0,0,0,0,0,55,0,0,0,99,0,0,27206,32083
33312,Construction machinery manufacturing,0,0,0,332,1402,1173,0,0,10,187,10,1236,58,56,309,14,0,0,0,0,0,4,177,1,0,0,0,0,0,0,0,0,0,0,0,0,210,0,0,0,0,0,0,0,0,0,0,0,0,0,0,0,0,0,0,0,0,0,0,0,0,0,0,0,0,0,0,0,0,0,0,0,0,0,0,0,0,0,0,0,0,0,0,0,0,0,0,7,0,0,0,0,0,0,0,0,0,0,0,0,0,0,0,0,176,0,36,0,0,1,0,0,0,633,0,0,0,0,0,0,0,0,0,0,0,0,0,0,0,0,0,0,0,0,0,0,0,3,6035,0,23158,0,0,0,793,7527,-15206,0,356,0,0,0,1,0,0,0,9409,0,0,26038,32073
33313,Mining and oil and gas field machinery manufacturing,0,0,0,1197,870,1261,0,0,0,19,0,0,0,2,0,0,0,0,0,0,0,20,0,79,0,0,0,0,0,0,0,0,0,0,0,0,0,0,0,0,0,0,0,0,0,0,0,0,0,0,0,0,0,0,0,0,0,0,0,0,0,0,0,0,0,0,0,0,0,0,0,0,0,0,0,0,0,0,0,0,0,0,0,0,0,0,0,0,0,0,0,0,0,0,0,0,0,0,0,0,0,0,0,0,40,0,4,0,0,0,0,0,0,235,0,0,0,0,0,0,0,0,0,0,0,0,0,0,0,0,0,25,0,0,0,0,0,0,3752,0,12838,0,0,0,-172,2402,-1872,0,0,0,0,0,0,0,0,0,0,0,0,13196,16948
3332OM,Other machinery,28,6,39,2815,1159,2987,1280,39,4471,3368,5447,5475,8444,383,3805,1283,327,76,384,978,5215,946,2354,1058,26114,1,12,183,220,1,1507,1810,6384,3995,13402,2206,2226,74,534,388,1360,1854,24,17,2,728,1336,50,1135,320,2,2383,1609,12,120,119,458,208,28,270,45,290,35,0,243,136,147,92,26,97,253,52,65,1,34,59,509,60,56,2981,24,1486,67,41,41,647,110,409,15,176,339,8,45,0,479,0,0,6,1,108,325,29,1857,96,891,106,529,45,173,225,3,1888,605,2851,2046,265,13,39,73,259,658,170,144,12,164,41,617,5748,403,278,0,655,176,106,1241,638,1255,1281,158547,8113,159728,0,0,0,2656,83403,-132336,0,1618,0,0,0,466,0,0,0,2915,0,0,126563,285110
3341,Computer and peripheral equipment manufacturing,59,0,0,0,12,46,10,0,215,38,3,56,19,8,46,26,24,34,2,22,60,0,1,2,77,1679,161,296,2148,0,0,94,652,41,9,4,6,16,9,8,54,1,0,2,0,24,261,41,0,0,2,0,118,0,0,0,0,0,12,0,0,0,0,0,249,207,367,76,74,151,73,161,105,0,0,0,122,1,4,91,0,74,174,0,11,12,271,440,58,256,224,358,656,0,0,3,664,0,0,716,22,683,525,312,446,881,172,351,760,1404,367,777,645,178,211,151,0,80,0,205,6,41,352,19,98,119,78,18,43,233,0,321,262,0,783,235,219,67,23060,31966,44856,0,0,0,-181,12050,-100562,0,1846,0,0,0,1484,0,0,0,5827,0,0,-2714,20346
3342,Communications equipment manufacturing,1,0,0,0,1,22,3,0,1044,246,62,517,126,13,42,1033,0,0,0,0,0,0,0,0,173,11,2774,204,2969,0,8,0,0,0,41,7655,0,0,0,0,1,0,0,0,0,1,10,15,0,0,0,0,11,3,180,241,0,195,314,0,121,129,0,0,29,46,82,4,6,11,4,23,5,0,57,0,78,1,1,1,0,49,570,0,24,229,2821,3217,606,2311,605,141,77,0,30,0,707,0,1,54,70,330,137,146,63,106,55,44,89,3462,1476,377,690,92,56,473,0,29,0,10,39,0,115,4,18,1,1,585,0,169,0,4188,303,0,186,0,0,1,43271,11332,61741,0,0,0,1258,12718,-108969,0,6095,0,0,0,4801,0,0,0,3555,0,0,-7469,35802
3344,Semiconductor and other electronic component manufacturing,0,0,0,0,0,3,0,0,7,7,1,24,2,0,41,45,826,471,390,630,3454,349,248,385,4323,805,1876,9646,5657,78,2679,88,1007,85,7285,1054,403,811,633,844,243,2090,87,245,17,807,512,220,506,341,12,1641,1437,540,81,836,419,765,26941,0,6,509,182,0,193,0,4,8,126,0,1,1,10,3,0,1,3,0,1,3,0,0,7,1763,2,2,3776,1501,359,1619,1,126,73,0,0,0,0,0,0,0,9,1,3821,48,153,2,926,0,75,0,0,0,281,2,635,0,0,0,0,1,72,44,0,0,0,0,0,4208,0,0,0,946,489,0,99,4,287,9,104289,166,0,0,0,0,2083,34296,-46570,0,0,0,0,0,4,0,0,0,17,0,0,-10004,94285
3345,"Navigational, measuring, electromedical, and control instruments manufacturing",0,3,1,34,16,118,85,22,882,331,507,923,77,1,143,79,30,9,0,0,1132,0,3,5,720,6,341,393,5663,0,533,227,688,164,23,6636,2340,0,381,2,2,0,0,0,0,19,82,16,1033,386,1,7,335,0,0,0,19,25,0,21,3,5,102,0,264,49,13,13,5,52,0,24,0,1,0,0,8,0,0,1,0,0,37,24,8,0,38,76,6,33,71,0,0,0,0,0,0,1,0,0,18,90,681,66,1870,18,240,13,469,12,13,48,270,511,81,4017,351,55,655,1017,421,37,119,0,0,1,54,211,93,48,0,10525,1127,0,23,58,77,1631,50218,8628,79572,0,0,0,-58,33900,-44794,0,15498,0,0,0,2897,0,0,0,1428,0,0,97071,147289
334X,Other computer and electronic product manufacturing,0,0,0,0,0,0,0,0,23,0,1,0,0,0,0,0,1,0,0,0,0,0,0,0,3,14,13,22,28,268,0,197,1571,37,8,0,0,0,0,2,0,0,0,0,0,0,7,0,0,0,0,0,0,2,2,1,1,4,2,3,4,3,0,0,106,46,1,20,31,50,2,26,2,0,0,0,0,0,0,16,0,9,1,38,460,10,17,12,2,3,0,42,19,0,0,0,0,0,0,1,0,96,19,63,21,57,10,59,289,10,6,37,230,1,73,29,8,1,0,2,5,2,0,0,1,192,15,10,1,25,0,8,260,0,35,0,9,26,4731,20743,4014,0,197,0,-141,2652,-29703,0,0,0,0,0,0,0,0,0,2527,0,0,289,5020
335,"Electrical equipment, appliances, and components",1016,540,82,84,44,408,13,4,3394,6752,4140,6417,5610,1207,5049,2196,314,72,616,306,2105,285,441,108,10903,237,215,445,1754,9,8669,104,1566,102,3858,1343,685,91,574,172,698,364,0,28,1,363,62,102,394,208,14,228,733,251,10,5,5,61,1,41,8,18,2,0,337,102,637,56,1,100,24,87,57,1,245,21,121,145,2,120,2,178,0,4,0,4,788,2881,145,216,0,194,65,0,0,21,0,5,2,1685,217,0,2722,272,1739,96,459,8,2166,86,53,585,944,1011,407,9,2,0,0,4,702,702,490,41,305,714,367,2110,1625,82,0,1823,2790,37,400,303,588,3074,110706,40276,29920,0,6663,0,1413,29381,-100587,0,1032,0,0,0,537,0,0,0,1057,0,0,9692,120398
336111,Automobile manufacturing,0,0,0,0,0,0,0,0,0,0,0,0,0,0,0,0,0,0,0,0,0,0,0,0,0,0,0,0,0,0,0,14,0,0,0,0,0,0,0,0,0,0,0,0,0,0,0,0,0,0,0,0,0,0,0,0,0,0,0,0,0,0,0,0,0,0,0,0,0,0,0,0,0,0,0,0,0,0,0,0,0,0,0,0,0,0,0,0,0,0,0,0,0,0,0,0,0,0,0,0,0,0,0,0,0,0,0,0,0,0,0,0,0,0,0,0,0,0,0,0,0,0,0,0,0,0,0,0,0,0,0,0,0,0,0,0,0,0,14,20107,58608,0,0,0,3227,17269,-66987,0,29,0,0,0,77,0,0,0,436,0,0,32766,32780
336112,Light truck and utility vehicle manufacturing,0,0,0,0,0,0,0,0,0,0,0,0,0,0,0,0,0,0,0,0,0,0,0,0,0,0,0,0,0,0,0,0,0,0,0,0,0,0,0,0,0,0,0,0,0,0,0,0,0,0,0,0,0,0,0,0,0,0,0,0,0,0,0,0,0,0,0,0,0,0,0,0,0,0,0,0,0,0,0,0,0,0,0,0,0,0,0,0,0,0,0,0,0,0,0,0,0,0,0,0,0,0,0,0,0,0,0,0,0,0,0,1,0,0,0,0,0,0,0,0,0,0,0,0,0,0,0,0,0,0,0,0,0,0,0,0,0,0,1,136403,173795,0,0,0,4900,30441,-130631,0,25,0,0,0,6,0,0,0,481,0,0,215420,215421
33612,Heavy duty truck manufacturing,0,0,0,0,0,0,0,0,0,0,0,0,0,0,0,0,1,0,0,0,0,0,109,24,1,0,0,0,0,0,0,0,0,844,865,0,0,0,0,0,0,0,0,0,0,0,0,0,0,0,0,0,0,0,0,0,0,0,0,0,0,0,0,0,16,0,0,0,0,0,0,0,0,0,0,0,0,0,0,0,0,0,0,0,0,0,0,0,0,0,0,0,0,0,0,0,0,0,0,0,0,0,0,0,0,0,0,0,0,0,0,0,0,0,0,0,0,0,0,0,0,0,0,0,0,0,0,47,0,0,0,0,0,0,34,0,0,0,1941,0,22846,0,0,0,107,6220,-15249,0,817,0,0,0,320,0,0,0,12380,0,0,27441,29382
3362BP,"Motor vehicle body, trailer, and parts manufacturing",578,416,116,665,984,570,32,3,0,2269,0,16,1,3,0,0,1738,524,365,220,1475,3742,3849,330,4253,16,374,120,452,7,766,15350,93893,8739,53255,1530,2590,473,386,389,2647,2212,57,65,1,1314,160,199,250,227,54,899,600,341,136,412,879,2322,85,2480,242,1334,629,0,2257,2092,372,1275,799,390,121,1949,460,0,78,0,8036,782,1,236,9,2107,294,31,79,1057,158,186,6,40,168,132,18,0,0,0,0,0,0,0,1749,0,111,5,505,556,1534,453,588,639,462,10050,1988,1612,562,84,46,24,88,436,1520,136,2801,134,116,195,1081,19678,617,1155,0,6376,124,3898,3087,379,4776,1391,310123,33717,18136,0,0,0,1759,48952,-113011,0,42,0,0,0,53,0,0,0,11,0,0,-10341,299782
3364,Aerospace product and parts manufacturing,0,0,0,0,0,0,0,0,0,0,0,0,0,0,0,0,0,0,0,0,0,0,0,0,97,0,0,0,0,0,0,0,0,0,0,57152,0,0,0,0,0,0,0,0,0,0,0,0,0,0,0,0,0,0,0,0,0,0,0,0,0,0,0,0,0,0,0,0,0,0,0,0,0,1692,0,0,0,0,0,762,1285,0,0,0,0,0,0,0,0,0,0,0,0,0,0,0,0,0,0,0,0,0,0,0,14,0,22,0,0,0,0,0,0,0,0,0,0,0,0,0,0,0,0,0,0,0,0,0,0,0,0,41125,161,0,0,0,0,0,102310,927,52872,0,0,0,-5602,109183,-38240,0,20582,0,0,0,1789,0,0,0,64,0,0,141575,243885
3365AO,All other transportation equipment manufacturing,0,0,6,0,4,0,0,0,37,3,0,0,0,0,6,0,10,0,0,0,49,0,10,0,0,0,0,0,0,0,0,0,0,0,427,0,4870,0,0,0,0,0,0,0,0,0,0,0,0,0,0,0,0,0,0,0,0,0,0,0,0,0,0,0,0,0,0,0,0,0,0,0,0,0,1017,1948,11,57,0,438,2,0,0,0,0,0,0,5,0,0,0,0,0,0,0,0,0,0,0,0,0,0,0,0,0,0,1843,0,0,1,0,28,1,47,0,0,0,0,0,0,0,0,0,0,24,0,0,294,0,0,0,5616,38,2,0,0,0,56,16850,21097,17942,0,0,0,700,8095,-10997,0,14524,0,0,0,102,0,0,0,455,0,0,51918,68768
337,Furniture and related products,0,0,0,0,0,0,0,0,58,1634,3123,5208,1128,179,5543,433,566,0,0,0,0,0,0,0,295,11,32,21,26,1,1,0,0,0,29,13,301,3819,169,3,0,0,0,0,0,0,0,0,0,0,0,0,314,2,0,0,0,180,0,350,0,146,0,0,161,0,0,6,0,0,173,198,845,0,0,0,0,0,0,0,0,0,0,1,0,0,20,126,2,268,0,0,0,0,0,0,0,2927,54,83,0,10,3,0,0,13,130,0,349,5,0,0,3,0,0,6,1,30,30,113,86,1,153,282,355,2,245,187,154,124,0,0,0,109,0,0,0,340,31180,46867,31589,0,598,0,530,3692,-43532,0,1,0,0,0,118,0,0,0,2984,0,0,42847,74027
3391,Medical equipment and supplies manufacturing,0,0,0,0,0,0,0,0,0,0,0,0,7,0,0,0,4,40,6,8,13,2,0,30,50,0,0,0,0,0,22,0,0,10,26,1,9,0,3490,1,0,0,0,0,0,0,0,0,0,0,0,41,44,0,0,0,0,0,0,0,0,0,0,0,0,0,0,0,0,0,0,0,0,0,0,0,0,0,0,0,0,0,0,0,0,0,0,0,0,0,0,0,0,0,0,0,0,0,0,27,0,0,0,0,41,0,38,0,320,1,0,220,0,206,7,9831,6833,26,1311,80,23428,637,204,0,4,0,0,4,0,0,0,736,191,0,2,3286,1,26,51264,19067,29207,0,0,0,312,18804,-35796,0,139,0,0,0,100,0,0,0,842,0,0,32675,83939
3399,Other miscellaneous manufacturing,33,61,1,15,25,21,0,0,168,89,106,142,7,21,98,785,17,49,2,3,39,83,6,356,1555,0,0,2,0,0,461,92,222,17,1673,130,0,15,3,4159,29,9,0,9,81,0,4,2,302,10,0,18,54,1,26,35,8,167,118,267,15,90,3,0,551,107,7,55,15,11,434,466,9,0,1,0,7,21,0,109,56,128,2,3,2,0,43,97,6,69,5,101,19,0,0,8,0,0,0,227,49,13,33,167,273,131,61,311,353,10,67,1203,94,11,325,24,11,0,43,37,218,41,1027,62,243,51,534,121,1141,278,0,6,167,0,683,244,381,3,22679,66431,15598,0,0,0,-172,14384,-59139,0,24,0,0,0,4,0,0,0,661,0,0,37791,60470
311,Food manufacturing,0,26008,176,0,0,0,0,0,0,0,0,0,0,0,0,0,20,470,6,0,0,0,0,0,0,0,0,0,0,0,0,0,0,0,0,0,0,0,0,6,154334,8586,0,28,144,388,248,444,2498,10,559,1914,180,0,0,0,0,0,0,0,0,2163,91,0,0,526,196,0,0,1,0,0,0,158,2,391,15,0,0,7,0,0,36,0,20,0,0,0,0,0,69,0,0,0,0,0,0,0,0,0,0,0,0,0,26,0,1309,0,4625,69,0,0,0,0,6012,0,0,0,0,3,6462,5729,13317,879,3008,4710,63879,0,5,1579,0,3960,61,930,15451,14367,12329,0,358404,424541,0,0,0,0,4264,61047,-68148,0,0,0,0,0,0,0,0,0,0,0,0,421704,780108
3121,Beverage manufacturing,0,487,0,0,0,0,0,0,0,0,0,0,0,0,0,0,0,0,0,0,0,0,0,0,0,0,0,0,0,0,0,0,0,0,0,0,0,0,0,0,2697,6984,0,0,0,0,0,0,0,0,0,0,0,0,0,0,19,0,0,0,0,0,10,0,0,0,0,0,0,0,0,0,0,393,0,50,15,0,0,4,0,0,0,0,0,0,0,0,0,0,0,0,0,0,0,0,0,0,0,0,0,0,0,0,0,0,207,0,0,24,0,0,0,0,748,0,0,0,0,0,255,88,63,97,1959,990,19427,0,0,422,0,87,0,128,360,336,76,0,35926,100066,0,0,0,0,1730,3381,-23371,0,0,0,0,0,0,0,0,0,0,0,0,81806,117732
3122,Tobacco product manufacturing,0,0,0,0,0,0,0,0,0,0,0,0,0,0,0,0,0,0,0,0,0,0,0,0,0,0,0,0,0,0,0,0,0,0,0,0,0,0,0,0,0,0,1407,0,0,0,0,0,0,0,0,0,0,0,0,0,0,0,0,0,0,0,0,0,0,0,0,0,0,0,0,0,0,0,0,0,0,0,0,0,0,0,0,0,0,0,0,0,0,0,0,0,0,0,0,0,0,0,0,0,0,0,0,0,0,0,0,0,0,0,0,0,0,0,0,0,0,0,0,0,0,0,0,0,0,0,0,0,0,0,0,0,0,0,216,0,2450,0,4073,56674,0,0,0,0,315,1091,-1011,0,0,0,0,0,0,0,0,0,0,0,0,57069,61142
313TT,Textile mills and textile product mills,71,4,53,0,2,0,0,0,275,381,446,492,68,56,273,100,422,272,0,0,1,0,0,0,695,0,0,0,1,0,0,174,1564,90,937,679,691,3304,1187,753,132,13,0,7730,1551,3467,238,28,0,0,0,2,2538,113,191,263,60,944,325,162,144,277,26,0,57,100,2503,5,24,6,783,55,593,0,0,78,21,0,1,47,23,7,2,0,167,0,1,5,0,4,0,0,0,0,0,0,0,0,0,138,108,0,0,0,9,56,271,1,57,18,0,80,9,123,46,33,0,0,0,34,351,1785,1389,0,427,1644,288,51,564,89,0,977,301,4,85,1115,442,11,46183,21048,1729,0,560,0,-375,8491,-31928,0,0,0,0,0,67,0,0,0,29,0,0,-379,45804
315AL,Apparel and leather and allied products,0,38,0,0,0,0,0,0,0,0,0,0,0,0,0,0,0,0,0,0,0,0,0,0,0,0,0,0,0,0,0,70,146,0,1114,0,0,0,0,91,14,0,0,194,951,0,1750,11,0,0,0,0,1,4,15,4,0,3,17,50,0,329,153,0,33,2,297,4,4,12,141,18,0,0,0,0,0,0,0,0,0,0,0,0,16,5,80,348,12,0,0,0,0,0,0,0,0,0,0,0,130,0,0,0,0,0,19,0,0,6,0,72,35,92,81,29,0,0,1,9,45,0,440,92,25,9,121,347,55,1248,0,206,47,52,488,338,930,27,10871,143157,0,0,0,0,45,4559,-142083,0,0,0,0,0,0,0,0,0,0,0,0,5678,16549
322,Paper products,479,7,0,37,130,64,25,0,116,433,44,580,246,122,861,129,944,1599,503,663,1891,55,43,97,1899,3,113,134,406,6,1100,223,1513,217,1904,453,301,1412,840,1217,17901,1869,2793,328,17,44475,9957,301,419,737,392,4670,4062,658,305,336,412,917,499,1209,315,1798,154,0,175,758,310,75,223,74,223,470,205,24,43,6,214,847,32,1608,627,263,763,352,56,6,95,309,16,80,97,1251,341,0,20,356,2,0,0,1058,1088,396,538,175,312,645,206,472,950,472,1322,1823,1166,327,247,337,177,63,619,213,1646,937,1093,41,119,3045,4154,177,161,643,0,146,2103,165,3553,2399,2310,28,160580,22678,0,0,0,0,613,20606,-22553,0,0,0,0,0,0,0,0,0,0,0,0,21344,181924
323,Printing and related support activities,6,9,0,4,2,0,0,10,0,8,0,10,0,0,17,0,5,0,0,0,12,0,0,0,7,0,0,0,0,0,3,0,0,0,4,0,0,0,0,0,50,4,0,0,1,0,1501,2,0,2,164,71,0,1071,1738,1084,433,1228,2758,740,130,1489,445,0,247,178,196,25,82,83,62,4751,191,7,11,0,224,98,4,245,26,17,4376,139,395,226,200,113,32,263,2988,1281,978,1039,1933,510,0,0,0,147,446,858,367,213,565,1036,151,2278,915,1130,223,56,2824,17,765,784,257,101,188,218,2607,121,2188,768,202,849,873,99,499,1111,0,505,1500,56,4545,1204,1403,448,66445,2802,0,0,0,0,259,1989,-2600,0,0,0,0,0,0,0,0,0,0,0,0,2450,68895
324,Petroleum and coal products,5122,2823,397,2730,3119,2290,9351,299,1544,10850,3304,8603,2957,1939,4991,7263,936,521,929,336,945,19,125,16,648,7,17,63,91,0,547,2,38,12,384,170,40,267,318,461,1926,443,121,65,3,1496,534,16470,5499,2004,227,2983,705,467,179,1002,229,815,70,521,190,902,89,0,966,479,281,564,85,316,96,419,267,23968,4820,4708,19141,2084,76,1625,6503,4473,88,105,66,32,106,279,53,419,68,6661,2831,0,7,24,1027,36,23,5697,1643,52,1284,81,1099,70,469,32,129,902,59,3356,938,1572,1171,497,13,19,99,167,1383,783,543,193,742,973,3440,870,541,1131,0,10146,1438,1351,28986,2941,36808,19110,324838,176321,0,0,0,0,-5311,86638,-52749,0,0,0,0,0,0,0,0,0,0,0,0,204899,529737
3251,Basic chemical manufacturing,949,6,0,2809,694,904,1841,177,80,74,6,51,8,36,6,50,304,2043,978,286,973,16,47,18,312,2,20,705,121,0,414,14,87,9,678,222,57,40,219,388,2793,191,62,724,4,4350,1293,27819,52051,36753,2755,23057,10215,0,23,14,0,167,0,45,26,281,6,0,24,18,18,0,5,6,0,13,0,0,18,5,98,2,1,2,16,2,14,0,5,0,294,68,30,4,0,17,9,0,0,0,0,313,6,9762,0,1,61,27,2628,169,1062,66,277,23,1,1294,1127,1022,175,1647,228,2275,169,3180,2290,187,29,0,12,17,854,570,15,21,0,624,892,36,1970,14573,2035,1981,230561,1024,1628,0,0,0,55,47352,-49572,0,0,0,0,0,0,0,0,0,0,0,0,487,231048
3252,"Resin, rubber, and artificial fibers manufacturing",0,0,0,0,0,0,0,0,0,0,0,0,0,0,0,0,988,1348,270,35,658,0,0,0,488,0,13,129,242,6,1153,0,0,0,3036,30,216,385,2631,1546,476,0,530,10335,29,1561,0,3,215,11605,0,7211,50172,0,0,0,0,0,0,0,0,0,0,0,20,0,0,0,0,0,0,0,0,0,0,0,0,0,0,0,0,0,0,0,0,0,0,0,0,0,0,0,0,0,0,0,0,0,0,0,0,0,88,0,183,0,31,0,0,0,0,0,0,0,0,0,0,0,0,0,28,0,0,0,0,0,0,0,0,0,0,8,2,0,1,0,0,31,95703,0,0,0,0,0,595,31349,-19219,0,0,0,0,0,0,0,0,0,0,0,0,12725,108428
3254,Pharmaceutical and medicine manufacturing,0,2142,383,0,0,0,0,0,0,525,0,0,0,0,0,0,238,0,0,0,0,0,0,0,0,0,0,0,0,0,0,0,0,0,0,0,0,0,0,0,589,0,0,0,0,0,0,0,0,0,47954,0,0,0,0,0,0,0,93,0,0,0,1,0,0,0,0,0,61,0,0,0,547,0,0,0,0,0,0,0,0,0,0,0,0,0,0,0,0,0,0,0,0,0,0,0,0,0,0,0,0,0,0,0,709,0,3147,0,1215,169,0,0,0,0,0,6843,562,3195,5310,8651,17405,2313,28,437,477,0,0,0,84,0,0,4196,51,0,2,489,0,37,107853,196625,0,0,0,0,7652,38256,-142434,0,0,0,0,0,0,0,0,0,0,0,0,100099,207952
325X,Other chemical manufacturing,16440,1922,1370,1142,1245,1027,13,9,1045,4042,888,2380,677,288,1960,1064,1672,503,80,122,4841,382,144,79,1494,15,55,372,907,3,906,236,3922,218,2656,886,543,1788,593,1062,2328,405,41,370,89,3895,3056,3552,3259,424,425,13122,2945,11,27,13,106,36,78,240,9,667,10,0,91,44,28,48,24,39,19,36,143,1,226,5,168,25,2,81,5,493,111,377,181,25,135,226,19,199,315,82,62,0,6,31,0,143,10,2384,107,132,155,7,824,230,1157,166,697,727,718,3988,632,924,636,169,36,27,249,257,543,142,521,10,406,68,189,695,3666,233,0,798,1842,46,1972,4518,4952,654,132976,57869,0,0,0,0,1285,30314,-27850,0,0,0,0,0,0,0,0,0,0,0,0,61618,194594
326,Plastics and rubber products,1175,429,60,45,1372,734,19,0,2775,8275,3590,5047,1611,1031,4561,1783,959,1094,269,198,2081,2057,1273,298,6323,101,158,605,1994,85,2078,1023,6018,750,10902,2255,2089,3167,2501,1970,14388,3821,84,325,81,2728,2654,435,1481,966,1151,6185,18871,4801,652,741,1879,1975,1158,2927,490,3884,461,0,991,1511,443,451,461,859,380,948,715,359,5,0,954,75,67,206,2429,328,222,117,72,1562,2069,1470,62,161,172,77,96,0,2,338,0,10,4,310,1598,32,2003,30,2659,303,2081,295,543,111,110,912,1094,397,571,4189,625,131,539,2380,3136,1426,1237,27,210,147,6378,3291,666,454,0,1620,798,27,1650,4405,1952,3083,223929,35010,343,0,26,0,1818,23910,-51633,0,0,0,0,0,48,0,0,0,0,0,0,9522,233451
4231,Motor vehicle and motor vehicle parts and supplies merchant wholesalers,301,175,20,113,376,96,14,2,577,706,207,133,21,10,65,23,291,122,201,82,297,783,722,59,849,3,56,21,73,1,161,2800,16275,1621,8993,151,800,95,63,69,418,344,10,21,3,212,33,71,95,84,12,187,1681,114,557,170,184,447,23,442,38,342,94,0,431,329,68,200,119,80,21,449,76,125,17,2,1963,123,0,40,642,317,47,5,13,157,31,57,1,8,28,49,16,0,0,2,1,0,0,49,390,0,61,1,142,83,260,71,91,104,71,1449,330,334,165,21,8,6,14,78,251,27,518,9,30,33,213,3345,100,212,0,1200,84,575,500,95,826,340,60512,23358,33058,0,1,0,1446,16928,0,0,49,0,0,0,49,0,0,0,700,0,0,75589,136101
4234,Professional and commercial equipment and supplies merchant wholesalers,34,8,4,68,32,86,142,20,183,118,90,177,190,51,166,64,82,63,30,64,224,28,58,44,727,417,86,118,1716,15,155,69,335,89,385,206,75,68,3178,39,378,164,29,5,15,504,415,35,53,162,129,473,732,380,771,705,369,757,164,269,135,1281,11,0,404,169,155,92,46,64,64,671,118,27,5,5,57,10,6,809,10,333,118,8810,11,17,168,253,31,106,123,158,255,9,202,39,181,0,0,461,37,310,563,98,841,474,330,160,787,465,170,371,503,195,224,7339,3535,47,1006,269,11971,371,277,22,79,119,680,234,302,187,0,606,614,12,680,2392,251,76,68224,35422,48981,20331,149,0,670,24634,0,0,1128,791,0,0,678,1026,0,0,2353,2062,0,138225,206449
4236,Household appliances and electrical and electronic goods merchant wholesalers,300,174,27,95,45,195,112,19,1883,2248,1294,2392,1831,414,1601,1306,276,157,283,341,1905,162,186,135,4349,256,1485,1845,3646,101,4145,177,1038,127,2784,5167,831,315,315,261,363,588,23,60,38,305,179,85,428,210,12,472,654,488,850,818,439,960,5396,254,170,1412,37,0,550,164,350,121,84,74,79,649,130,1,108,5,73,35,4,88,16,92,157,1165,12,157,2676,2490,430,1039,191,166,86,0,30,1,200,1,0,518,121,179,1770,174,961,115,428,46,726,2166,377,328,804,338,302,220,13,23,10,212,343,246,215,18,140,224,315,1788,567,124,0,5528,1096,15,322,144,278,1177,92259,29050,54938,1876,2139,0,1338,27227,0,0,6887,73,0,0,3594,95,0,0,2218,190,0,129625,221884
4238,"Machinery, equipment, and supplies merchant wholesalers",538,279,56,2011,1373,1961,1038,186,1151,1111,1096,1286,2158,360,1349,438,230,820,216,478,2425,1117,815,359,6326,12,45,136,353,8,1221,708,1577,770,4750,2974,953,369,201,362,1704,1646,30,61,29,624,818,387,326,196,186,1271,1675,214,188,154,238,328,134,319,76,437,45,0,182,225,111,60,71,103,110,271,110,98,93,48,286,59,25,208,521,252,43,22,9,246,340,459,19,72,123,63,30,3,4,23,7,42,4,364,581,14,502,11,564,107,699,34,157,67,11,215,153,859,193,199,86,25,51,293,428,98,187,12,83,255,567,1820,296,65,0,1868,139,26,586,614,654,686,72613,4474,60629,8,9,0,816,25496,0,0,1263,0,0,0,183,0,0,0,3377,1,0,96256,168869
423X,Other durable goods merchant wholesalers,287,357,996,952,704,489,160,229,4742,5769,6207,9564,4814,2324,6741,4209,7393,3346,9821,7769,11025,487,567,539,7530,48,248,437,913,36,2388,335,2192,259,7458,1886,1677,2981,551,2523,1669,855,172,207,75,3741,123,499,637,178,54,1323,2634,97,269,269,243,343,110,314,28,425,76,0,453,142,275,58,31,53,114,569,576,11,610,241,195,18,278,103,148,140,65,63,16,1147,1026,780,26,485,95,76,25,2,4,3,5,509,15,1581,511,28,653,40,1019,128,569,48,291,114,30,1279,498,803,370,348,134,64,68,329,883,596,1333,79,447,687,2060,969,408,468,0,2123,724,34,794,704,1411,1581,167857,66712,18045,98,1452,83,1086,31131,0,0,315,4,0,0,130,5,0,0,899,10,0,119970,287827
4242,Drugs and druggists sundries merchant wholesalers,83,882,151,156,64,92,65,10,67,276,77,194,110,41,223,57,247,258,75,61,326,36,22,17,354,2,11,47,76,4,191,52,242,35,498,99,75,194,244,207,2788,251,193,373,48,2442,695,1037,1739,1572,19268,2105,2420,1406,2697,2023,960,2024,582,872,591,3778,50,0,877,329,133,275,118,83,145,1583,530,4,4,5,43,53,6,124,76,34,223,27,33,28,78,89,6,27,153,149,86,50,81,62,1,10,0,477,149,72,93,30,464,116,1357,144,646,157,113,263,255,102,127,2752,281,1308,2154,3519,2906,1035,296,225,296,258,759,113,230,151,0,1731,322,24,703,1031,434,144,86597,90503,331,0,1,0,2818,19572,0,0,11,0,0,0,5,0,0,0,15,0,0,113256,199853
4244,Grocery and related products merchant wholesalers,570,1218,5,5,3,6,2,0,15,134,66,142,43,29,77,22,22,123,6,6,26,2,1,2,30,0,2,3,6,0,13,20,104,5,246,5,78,223,21,44,35461,2731,138,25,87,631,125,123,628,65,188,505,250,441,875,720,332,723,189,274,176,1501,20,0,296,267,364,75,35,22,90,551,97,33,1,69,10,6,1,40,8,5,29,4,6,2,13,23,2,4,32,20,11,6,10,8,0,1,0,49,38,8,37,22,61,16,181,26,958,62,13,59,57,19,922,216,27,13,21,64,886,755,1533,186,636,775,10131,60,90,332,0,505,64,158,2360,2300,1819,28,77161,90702,423,0,3,0,932,11816,0,0,3,0,0,0,7,0,0,0,10,0,0,103896,181057
4247,Petroleum and petroleum products merchant wholesalers,1194,937,144,760,1098,644,2708,91,726,2557,1145,2218,1118,713,1355,1612,176,210,95,33,209,7,16,5,108,1,2,14,18,0,69,5,54,3,95,54,27,62,46,62,423,68,23,47,6,310,122,17030,1046,353,40,409,268,211,82,412,102,326,38,212,69,346,36,0,223,100,71,144,14,85,18,94,52,2574,1449,1512,7685,829,36,494,1716,1729,27,38,21,8,28,67,18,156,25,2329,999,0,1,9,542,12,9,1948,650,14,491,24,199,25,86,9,43,196,22,1118,228,304,231,89,12,12,16,63,224,150,93,39,172,215,805,175,138,115,0,1003,160,675,2851,354,3628,7026,89087,64665,51,0,12,0,-2008,10143,0,0,0,0,0,0,1,0,0,0,1,0,0,72865,161952
424X,Other nondurable goods merchant wholesalers,14924,17530,851,431,357,274,198,24,489,1407,662,1454,532,237,1087,408,547,705,334,215,1292,123,69,51,1142,15,37,199,380,9,624,155,1050,118,2010,294,457,1538,765,925,26030,3415,1291,2355,591,5482,2086,2972,11308,4443,526,6558,7846,622,659,693,466,1040,549,581,204,2205,174,0,543,349,831,131,85,159,324,1038,244,287,55,69,163,90,12,274,139,108,731,161,129,193,318,382,20,74,259,267,152,84,144,99,7,105,6,1300,412,147,286,96,611,243,871,310,289,315,211,1713,597,306,864,931,142,238,276,559,2048,350,835,185,1611,785,13425,452,601,1032,0,511,797,145,2251,2759,3947,761,187259,157672,1812,173,45,1,2330,35426,0,0,23,7,0,0,26,9,0,0,72,18,0,197614,384873
425,Wholesale electronic markets and agents and brokers,92,1557,7,22,19,8,9,1204,66,52,53,75,108,16,73,33,44,46,125,65,158,9,20,6,177,1,9,9,39,10,235,20,266,60,156,59,22,96,210,38,2023,81,7,31,6,170,20,151,61,56,81,88,160,509,1418,1264,617,1332,200,397,242,2298,2,0,329,187,16,219,76,40,81,5464,214,13,3,4,12,2,2,5,7,5,97,32,1,16,22,19,3,9,5,4,2,1,1,1,2,2,0,15,13182,2,70,2,14,4,23,3,29,20,4,37,11,12,30,25,5,4,8,15,44,23,46,6,22,23,258,43,25,15,0,69,11,7,84,69,69,20,37733,3610,2334,14,7,0,136,3585,0,0,50,1,0,0,27,1,0,0,38,1,0,9804,47537
42ID,Customs duties,0,0,0,0,0,0,0,0,0,0,0,0,0,0,0,0,0,0,0,0,0,0,0,0,0,0,0,0,0,0,0,0,0,0,0,0,0,0,0,0,0,0,0,0,0,0,0,0,0,0,0,0,0,0,0,0,0,0,0,0,0,0,0,0,0,0,0,0,0,0,0,0,0,0,0,0,0,0,0,0,0,0,0,0,0,0,0,0,0,0,0,0,0,0,0,0,0,0,0,0,0,0,0,0,0,0,0,0,0,0,0,0,0,0,0,0,0,0,0,0,0,0,0,0,0,0,0,0,0,0,0,0,0,0,0,0,0,0,0,0,0,0,0,0,0,0,38513,0,0,0,0,0,0,0,0,0,0,0,0,38513,38513
441,Motor vehicle and parts dealers,2,11,3,73,142,126,12,1,403,870,49,294,11,28,200,2,235,121,24,45,279,329,688,78,440,2,44,6,45,1,3,0,0,0,3029,194,477,89,104,94,557,536,0,15,0,272,36,2,64,56,13,244,109,0,0,0,0,5,19,0,0,1,0,0,298,491,88,297,183,58,21,483,100,0,6,0,1312,5,0,13,2,53,63,8,18,2,37,36,1,9,0,32,4,0,7,0,0,79,0,300,393,0,25,0,0,107,166,91,68,0,61,1907,77,71,0,0,0,0,0,0,0,0,0,4,14,30,104,4551,136,215,0,0,0,0,0,0,0,2,22511,254196,25082,0,7,0,0,0,0,0,0,0,0,0,0,0,0,0,0,0,0,279285,301796
445,Food and beverage stores,28,12,0,0,0,0,81,0,1,37,1,41,7,6,121,2,0,3,0,0,2,0,0,0,14,0,0,0,1,1,2,0,0,0,8,0,0,5,8,0,6,6,0,0,0,1,20,3,21,6,1,21,2,0,1,1,1,1,1,1,1,1,0,0,7,4,0,2,1,4,0,3,0,0,4,0,212,21,0,4,22,0,0,0,0,0,0,0,0,0,1,4,2,0,0,0,0,60,0,23,2,0,1,0,1,1,0,1,1,0,1,51,2,0,5,1,1,0,0,0,2,0,1,0,0,17,1305,33,1,2,0,0,0,0,4,0,1,0,2284,234329,180,1,7,0,0,0,0,0,0,0,0,0,0,0,0,0,0,0,0,234517,236801
452,General merchandise stores,72,34,1,5,7,5,207,0,20,360,13,442,54,40,616,8,13,11,2,2,19,12,26,3,90,1,2,2,4,4,11,0,0,0,160,8,18,32,47,4,54,49,0,2,0,15,63,6,8,2,1,118,14,1,3,2,2,3,4,2,2,4,1,0,37,43,8,22,10,25,2,38,5,0,10,0,598,56,0,12,56,2,3,1,1,0,2,2,0,1,3,13,6,0,0,1,0,315,0,173,33,2,3,1,3,7,8,10,5,0,5,248,12,3,46,2,3,0,2,3,5,1,3,2,3,54,295,360,9,13,0,0,3,0,12,0,1,0,5313,219688,1691,479,175,0,0,0,0,0,0,0,0,0,0,0,0,0,0,0,0,222033,227346
444,Building material and garden equipment and supplies dealers,2,2,0,17,12,2,16,0,369,16713,245,26770,2911,1060,20734,588,81,3,7,1,70,6,14,1,585,5,5,12,22,30,86,1,3,1,365,6,8,223,344,4,266,233,2,11,1,42,1,55,61,20,5,845,76,0,0,0,0,0,0,0,0,0,0,0,138,134,3,84,24,131,0,13,2,1,4,0,40,2,0,1,2,2,1,0,0,0,2,4,0,0,0,8,3,0,0,0,0,2456,0,689,47,1,1,0,0,10,8,7,6,0,1,564,6,1,4,0,0,0,0,41,2,20,0,236,261,7,3225,1563,3,12,0,0,0,0,0,0,0,0,82712,50101,8627,0,1501,0,0,0,0,0,0,0,0,0,0,0,0,0,0,0,0,60229,142941
446,Health and personal care stores,0,0,0,0,0,0,0,0,0,5,0,6,1,1,30,0,0,0,0,0,0,0,0,0,2,0,0,0,0,0,0,0,0,0,1,0,0,1,1,0,1,1,0,0,0,0,17,0,0,0,0,2,0,0,1,0,0,1,1,1,1,1,0,0,1,1,0,0,0,1,0,2,0,0,0,0,0,0,0,0,0,0,0,0,0,0,0,0,0,0,1,3,2,0,0,0,0,7,0,6,1,0,1,0,1,1,0,1,1,0,1,6,2,0,1,1,1,0,0,0,1,0,1,0,0,15,19,4,1,1,0,0,0,0,2,0,0,0,161,119329,23,0,2,0,0,0,0,0,0,0,0,0,0,0,0,0,0,0,0,119354,119515
447,Gasoline stations,845,361,0,1,3,1,2402,1,4,12,1,8,0,1,6,31,2,1,0,0,3,3,7,1,5,0,0,0,1,0,0,0,0,0,32,2,5,1,1,1,6,6,0,0,0,3,0,5,42,14,2,3,1,0,0,0,0,0,0,0,0,0,0,0,97,6,1,3,3,1,0,7,1,0,108,8,6429,646,0,130,661,1,1,0,0,0,0,0,0,0,0,0,0,0,0,0,0,1,0,12,6,0,0,0,0,1,2,1,1,0,1,29,1,1,0,0,0,0,0,0,0,0,0,0,0,0,3,50,1,2,0,0,0,1,1,0,0,0,12041,77900,5,0,3,0,0,0,0,0,0,0,0,0,0,0,0,0,0,0,0,77908,89949
448,Clothing and clothing accessories stores,0,0,0,0,0,0,0,0,0,0,0,0,0,0,5,0,0,0,0,0,0,0,0,0,0,0,0,0,0,0,0,0,0,0,0,0,0,0,0,0,0,0,0,6,0,0,9,0,0,0,0,0,0,0,0,0,0,0,0,0,0,0,0,0,0,0,0,0,0,0,0,0,0,0,0,0,0,0,0,0,0,0,0,0,0,0,0,0,0,0,0,0,0,0,0,0,0,0,0,0,0,0,0,0,0,0,0,0,0,0,0,0,0,0,0,0,0,0,0,0,0,0,0,0,0,0,0,0,0,0,0,0,0,0,0,0,0,0,20,138795,1,0,6,0,0,0,0,0,0,0,0,0,0,0,0,0,0,0,0,138802,138822
454,Nonstore retailers,12,5,0,10,93,9,98,4,39,614,18,702,96,76,810,4,32,10,4,3,41,24,52,6,218,2,5,4,10,10,28,0,1,0,321,15,35,78,118,8,123,111,1,7,0,32,519,154,1155,386,47,288,36,9,24,15,14,28,30,20,17,31,5,0,421,86,413,49,46,48,8,248,160,0,3,436,889,9,2,5,281,4,7,4,4,0,4,4,0,8,24,96,52,0,1,8,0,792,0,301,41,10,22,8,23,27,19,40,23,0,24,342,59,10,64,19,23,4,8,19,44,8,25,5,8,455,1238,753,36,53,0,0,14,0,79,2,11,0,14596,252459,8285,5463,411,0,0,0,0,0,0,0,0,0,0,0,0,0,0,0,0,266618,281214
4A0X,All other retail,1,0,0,2,2,0,5,0,9,735,7,1563,58,35,633,2,143,0,1,0,10,1,2,0,87,1,1,2,3,5,13,0,1,1,52,1,1,33,51,0,39,34,0,22,0,6,590,7,1,0,0,125,17,10,27,17,16,32,33,23,20,35,5,0,28,34,8,15,10,24,7,69,15,0,1,0,7,0,3,3,1,0,5,4,3,0,1,1,0,9,28,106,59,0,0,9,0,365,0,199,11,14,24,10,27,20,8,48,20,0,22,150,61,6,26,22,26,4,14,98,54,46,31,5,7,527,1305,296,29,41,0,1,27,0,88,3,5,0,8610,199714,13280,4599,4245,0,0,0,0,0,0,0,0,0,0,0,0,0,0,0,0,221838,230448
481,Air transportation,85,16,8,16,34,353,1078,201,43,478,64,100,54,14,63,45,156,461,162,106,554,38,22,37,351,3,6,13,92,0,64,33,104,13,326,145,88,172,125,122,667,98,12,39,4,229,238,156,227,98,38,185,554,3292,719,1082,1130,1652,371,644,32,1372,122,0,284,73,96,58,35,31,41,198,56,324,27,220,3561,49,3,1573,63,522,339,341,218,40,180,471,226,1583,414,7134,3557,1,38,120,805,3,19,14902,1532,1269,4929,1344,1578,1261,614,485,629,554,2831,954,2267,604,1010,2114,271,207,265,382,424,369,726,172,241,250,2100,179,272,599,0,5912,4164,383,978,1021,2209,112,101622,83885,751,69,6,0,24,90528,-45443,0,50,3,0,0,12,4,0,0,40,7,0,129936,231558
482,Rail transportation,1230,1055,48,246,1007,199,1476,219,236,465,238,471,180,69,367,260,817,2533,2083,725,926,74,72,38,356,2,6,42,29,1,233,49,343,33,675,130,234,254,90,144,5493,355,24,72,2,2441,125,2965,2386,1013,70,1586,1616,22,15,23,31,43,8,45,6,90,6,0,27,50,18,18,5,20,7,32,16,119,175,25,4345,20,2,195,37,36,18,14,4,8,281,86,4,13,14,78,34,0,136,2,5,86,2,313,69,40,41,33,124,172,267,30,74,34,58,309,146,56,65,94,11,86,15,172,175,78,187,16,74,93,952,103,41,48,0,230,1255,867,462,673,818,1880,52185,7817,3931,0,34,0,-203,14380,412,0,16,0,0,0,8,0,0,0,92,0,0,26487,78672
483,Water transportation,410,293,8,100,129,60,111,20,21,230,82,182,50,22,98,216,8,269,235,107,111,5,5,3,43,0,1,11,5,0,51,2,10,1,53,23,9,13,16,31,1203,83,17,27,0,101,1,140,417,18,21,232,77,1,1,2,1,4,0,1,0,24,0,0,19,8,3,2,1,6,2,8,2,20,9,4,21,2,1,3,5,6,1,0,0,2,4,13,1,1,3,7,2,0,0,0,1,9,0,65,10,0,5,0,19,5,1422,1,16,36,0,75,19,21,18,42,3,31,1,34,56,10,19,4,11,11,75,25,13,7,0,1202,199,889,64,181,220,137,10527,23267,6,0,0,0,5,6410,12794,0,0,0,0,0,0,0,0,0,0,0,0,42482,53009
484,Truck transportation,3004,5333,493,612,1103,609,1502,158,1838,3107,2874,4988,2641,658,3336,2225,2145,3254,4395,2627,3934,343,287,295,3185,53,150,434,638,27,1316,463,1743,283,3894,1404,668,1256,596,816,25615,1662,378,804,137,3372,812,7692,3531,1139,1024,2000,2787,479,459,741,419,1051,1382,707,165,1252,202,0,2303,1274,936,273,146,933,805,2348,835,1476,391,246,11379,209,57,3672,390,1381,481,376,116,219,521,532,44,420,309,335,161,47,96,53,44,152,8,1050,541,171,516,142,811,900,874,242,486,356,161,855,731,481,518,614,169,151,266,502,1625,461,930,195,709,594,3087,1005,612,443,0,5200,706,1083,2044,1232,2176,1503,193607,85348,20634,677,645,21,842,30445,4900,0,621,26,0,0,177,34,0,0,1101,69,0,145540,339147
485,Transit and ground passenger transportation,0,0,1,0,3,83,157,620,7,111,60,99,27,4,89,27,33,68,30,20,129,7,4,10,74,0,0,0,18,0,9,4,3,0,62,19,18,41,42,25,118,17,2,5,0,46,58,32,45,19,5,15,114,144,130,130,102,174,25,200,0,259,0,0,109,4,21,26,0,18,1,50,0,1,270,0,0,0,1,167,0,4,76,117,54,9,52,468,63,703,101,2741,1010,797,344,49,217,0,20,5095,585,552,1863,445,586,1563,257,177,226,184,1144,116,1016,154,444,1217,67,52,69,99,1848,504,171,2151,57,91,739,36,66,211,0,27,5,13,12568,77,1840,799,48151,47460,0,0,0,0,0,0,0,0,0,0,0,0,0,0,0,0,0,0,0,47460,95611
486,Pipeline transportation,155,48,10,5772,60,37,2145,1535,29,93,41,85,42,29,51,50,14,9,11,1,15,0,2,0,12,0,0,1,2,0,8,0,1,0,6,3,1,5,6,9,36,8,2,11,0,26,9,18719,272,38,4,116,21,8,3,17,4,13,1,9,3,25,2,0,17,9,5,10,2,6,2,8,5,408,82,80,326,35,2,27,111,77,2,2,1,1,2,3,1,7,1,113,48,0,0,0,17,7,1,97,29,1,22,1,10,1,6,1,3,15,1,81,17,25,23,7,0,3,2,7,26,13,10,3,13,17,57,16,9,18,0,173,26,564,497,69,575,6937,40428,2986,0,0,0,0,-4627,11409,0,0,0,0,0,0,0,0,0,0,0,0,0,9768,50196
48A,Scenic and sightseeing transportation and support activities,0,0,82,12,423,6,8376,447,0,0,0,0,0,0,0,0,530,618,48,70,79,6,0,0,12,0,0,0,0,0,3,0,0,0,10,0,0,323,20,150,384,35,0,42,0,395,346,815,5,120,0,49,490,1828,1601,2879,1637,3517,1382,1366,270,4599,400,0,1099,437,160,744,297,156,294,1637,907,23545,1023,3597,29523,453,244,15839,9414,4144,409,25,139,2,25,89,12,563,317,24,11,0,0,1,0,0,0,0,684,215,302,210,86,454,2599,257,190,607,116,28,502,1332,90,216,40,30,109,103,829,88,341,216,504,46,205,77,142,139,0,0,239,1097,51,15,230,2781,143675,9311,0,0,0,0,0,2773,0,0,0,0,0,0,0,0,0,0,0,0,0,12084,155759
492,Couriers and messengers,0,0,0,0,0,0,0,0,0,0,0,0,0,0,0,0,0,0,0,0,0,0,0,0,0,0,0,0,0,0,0,0,0,0,0,0,0,0,0,0,0,0,0,0,0,0,25,0,0,0,0,0,1,2369,3713,6272,3694,7175,3610,3456,679,7916,818,0,1124,1086,360,662,622,345,725,4143,1155,1,1,562,15140,381,14,237,1234,1427,1056,64,357,0,3,0,23,2107,806,900,3306,0,8,59,0,0,0,0,2557,532,671,543,223,853,286,636,313,6,295,52,1283,243,278,549,102,77,231,241,2113,224,1012,309,58,52,521,114,385,497,0,1,0,17,77,39,231,211,93468,6456,0,0,0,0,0,9411,3318,0,0,0,0,0,0,0,0,0,0,0,0,19185,112653
493,Warehousing and storage,495,245,0,4,124,0,429,331,0,0,0,0,0,0,0,0,971,1740,21,49,584,36,19,27,437,3,40,83,416,7,80,2,13,3,63,100,34,105,227,201,2073,1001,0,686,87,2520,746,807,1141,377,331,709,2756,1891,2971,4595,1842,4086,2460,2241,919,4237,1279,0,7813,5734,4221,973,398,4259,3334,9399,3011,72,1,735,5383,199,47,380,513,6810,423,86,138,138,168,40,20,738,280,0,0,0,0,19,0,0,2,142,498,215,260,193,96,299,146,192,98,10,7907,1239,2822,263,77,191,84,45,157,145,1063,176,365,200,91,99,1885,217,247,140,0,305,1288,0,854,1409,2706,103,128205,251,0,0,0,0,0,166,0,0,0,0,0,0,0,0,0,0,0,0,0,417,128622
5111,"Newspaper, periodical, book, and directory publishers",6,9,0,0,0,0,5,5,0,0,0,0,0,0,0,0,0,2,1,0,3,0,1,0,0,0,0,0,0,0,2,1,6,0,1,1,0,0,1,3,1,1,0,0,0,0,22,0,0,1,0,3,1,87,70,60,39,116,37,53,4,44,71,0,9,74,8,149,21,94,3,135,5,3,1,0,23,0,0,508,5,31,3087,14,13,0,10,54,1,34,226,148,205,42,105,3,21,0,0,403,754,411,84,160,61,296,275,57,47,383,36,16,201,2,344,246,18,11,1241,59,193,38,1278,14,14,48,100,9,240,159,0,47,774,32,4715,184,201,3,18843,46628,0,10123,0,0,-343,4040,-2826,0,0,0,0,0,0,0,0,0,0,0,0,57622,76465
5112,Software publishers,47,14,0,13,1,8,141,113,53,139,44,205,70,49,90,58,15,0,6,6,65,2,4,2,35,29,3,3,21,1,0,0,0,0,6,245,9,10,15,9,7,0,0,0,0,8,26,5,6,4,25,4,7,102,473,671,404,577,58,121,32,238,17,0,424,34,206,77,48,39,36,187,83,14,54,0,10,8,0,17,0,97,167,34095,22,29,172,285,122,1220,468,925,767,273,57,118,74,0,0,403,43,934,855,84,1471,782,997,63,246,223,879,215,785,17,384,187,18,14,54,26,1060,69,252,30,46,81,49,64,56,125,0,0,370,3,710,772,1365,260,58436,48204,0,81081,0,0,52,31467,-1637,0,0,3154,0,0,0,4093,0,0,0,8225,0,174639,233075
512,Motion picture and sound recording industries,0,0,0,0,0,0,0,0,0,0,0,0,0,0,0,0,0,0,0,0,0,0,0,0,0,0,0,0,0,0,0,0,0,0,0,0,0,0,0,0,0,0,0,0,0,0,0,0,0,0,0,0,0,7,0,0,0,71,0,0,0,0,0,0,264,230,0,0,0,2,0,0,0,8,0,0,1,0,16,11,0,0,0,98,23370,10016,31260,19,0,11,0,30,20,0,0,0,0,0,0,60,279,8,37,4,3,20,6,2360,173,286,0,15,27,0,316,21,4,3,5,3,9,381,790,295,21,362,2819,3,39,392,0,16,866,70,88,28,134,0,75377,23742,0,38541,0,0,14,23556,-11126,0,0,0,0,0,0,0,0,0,0,0,0,74727,150104
515,Broadcasting (except Internet),0,0,0,114,8,0,0,0,0,0,0,0,0,0,0,0,0,0,0,0,0,0,0,0,0,0,0,0,0,0,0,0,0,0,0,0,0,0,0,0,0,0,0,0,0,0,0,0,0,0,0,0,0,0,0,0,0,0,0,0,0,0,0,0,0,0,0,0,0,0,0,0,0,0,0,0,0,0,0,0,0,0,0,0,0,41736,4087,0,0,6051,0,0,0,0,0,0,0,0,0,0,0,0,0,0,0,0,0,214,37,0,0,0,0,0,0,0,0,0,0,0,0,0,0,0,0,2771,0,0,0,0,0,692,325,218,3453,0,2316,0,62022,11653,0,30517,0,0,0,19,0,0,0,0,0,0,0,0,0,0,0,0,0,42189,104211
5171,Wired telecommunications carriers,228,327,14,118,82,418,921,151,145,638,237,660,234,146,385,162,241,573,87,78,770,52,61,30,738,5,56,32,172,1,76,1,1,1,146,522,83,101,155,159,502,65,7,30,7,194,330,56,91,18,133,114,260,289,439,679,566,860,461,519,85,967,116,0,950,304,243,460,407,434,378,619,574,305,0,60,429,625,81,441,133,283,406,640,458,382,22889,15390,6868,1284,3374,3844,1881,124,1611,331,615,0,38,3007,757,1423,1135,327,912,852,347,410,723,809,882,1091,2154,332,997,772,136,370,862,445,1033,557,436,364,467,591,2358,595,800,702,0,865,1196,1572,14004,15473,8669,748,151829,201552,7351,0,0,0,0,7503,-141,0,0,0,0,0,0,0,0,0,0,0,0,216265,368094
5172,Wireless telecommunications carriers (except satellites),131,142,1,69,41,129,471,92,130,606,301,793,272,135,368,236,73,117,43,36,298,4,4,13,178,2,21,9,39,0,61,4,6,1,132,176,48,112,56,47,280,58,9,25,3,90,159,23,37,6,41,43,96,411,687,953,859,993,425,490,85,975,166,0,995,422,213,421,400,406,364,782,564,294,15,27,605,186,1,359,47,166,315,789,134,132,101,7065,876,1552,300,7777,1701,0,158,404,315,0,7,3050,655,1619,1213,345,1092,1353,471,338,605,936,1851,1286,2851,300,1257,1346,236,451,266,496,923,593,487,273,507,416,2393,492,973,686,0,4214,5296,124,3150,2579,14962,202,100491,122323,0,0,0,0,0,4702,0,0,0,0,0,0,0,0,0,0,0,0,0,127025,227516
5174OT,"Other telecommunications, including satellite",64,64,3,15,13,42,240,31,34,151,56,154,56,23,91,30,13,120,8,23,106,0,7,9,77,2,9,5,12,0,15,5,23,4,151,45,10,0,17,18,237,89,53,29,1,60,28,44,42,36,19,78,72,82,242,237,164,169,72,78,13,163,32,0,180,63,41,59,57,62,39,160,20,72,88,4,122,48,18,131,1,41,39,291,36,42,97,1185,552,325,696,1075,555,52,3,56,35,0,9,745,225,285,357,78,209,207,76,68,49,229,291,257,491,379,164,223,42,48,169,63,334,81,44,17,52,99,234,131,78,170,0,195,260,194,608,291,1266,725,19474,13485,0,0,0,0,0,727,-18,0,0,0,0,0,0,0,0,0,0,0,0,14194,33668
518,"Data processing, hosting, and related services",0,0,0,35,9,12,4373,169,30,563,113,346,217,82,231,102,413,802,232,281,1462,124,150,29,1343,3,22,22,170,2,323,7,22,0,454,1812,228,506,334,306,1136,158,14,91,12,638,282,164,175,50,214,144,434,22,389,551,421,581,239,352,81,695,131,0,4010,1092,596,965,670,1320,703,2751,1001,601,0,0,108,112,20,490,306,173,412,1534,76,208,1121,2174,120,2493,1026,33012,4004,149,615,378,2448,0,1,969,260,3057,2822,498,1665,2016,2257,406,630,746,11350,1669,9373,1058,542,494,27,32,257,53,1898,131,364,517,550,594,5915,452,751,2636,0,1303,3730,394,1260,7845,14163,1673,171349,31753,0,35440,0,0,0,1370,-439,0,0,1781,0,0,0,2310,0,0,0,4545,0,76760,248109
519,Other information services,0,0,0,1,0,13,97,3,0,1,0,0,0,0,0,3,0,0,0,0,0,0,0,0,0,0,0,0,0,0,0,0,0,0,0,0,0,0,0,0,0,0,0,0,0,0,0,0,0,0,0,0,0,5,20,11,5,10,4,3,0,12,2,0,517,245,633,73,91,190,81,193,103,4,0,0,13,0,0,57,0,3,1682,178,34,4,96,389,68,393,7797,168,125,201,1012,36,809,0,3,199,455,1203,402,385,501,2521,501,537,2290,607,1028,396,4601,202,4577,557,59,30,18,75,786,142,417,287,218,270,2111,148,3478,471,0,284,7,134,723,390,1392,878,48668,14962,0,0,0,0,0,4705,-814,0,0,0,0,0,0,0,0,0,0,0,0,18853,67521
521CI,"Federal Reserve banks, credit intermediation, and related activities",1494,1344,277,1532,822,769,7532,3696,304,1426,518,2317,553,659,1178,648,533,832,416,532,1893,157,135,79,1644,63,106,237,582,45,769,69,709,86,1040,1080,276,534,858,650,2918,480,398,261,139,1110,768,1343,1314,621,951,1185,1643,3852,4898,5718,4821,7160,1718,3953,1847,6259,1491,0,5470,2751,3332,1290,1379,2150,1790,2489,2442,1181,6515,1065,1963,4811,858,1467,505,360,1433,3360,2428,4688,6777,5111,1142,2088,1381,100532,49490,114,922,198,4173,98805,3390,81588,13844,2549,4744,2658,2593,3823,3953,1303,1886,25376,4088,1076,4204,1069,1272,2879,333,159,1608,594,5543,1074,1390,934,1877,5177,11697,1139,4150,11979,0,0,2172,1434,0,1424,12210,3311,648202,278750,0,0,0,0,0,60005,-6646,0,0,0,0,0,0,0,0,0,0,0,0,332109,980311
523,"Securities, commodity contracts, and investments",82,152,15,30,1288,7540,482,144,20,209,140,253,96,15,317,109,14,44,507,537,1563,145,45,44,1212,0,0,8,122,1,262,22,68,49,1104,301,270,560,352,359,75,8,0,4,0,12,24,23,5,9,2,5,58,509,337,483,119,358,18,285,6,430,14,0,85,119,104,48,71,139,97,76,98,1539,341,515,308,1525,41,1361,14,26,247,64,240,56,29,87,3,79,13,36842,27094,2512,15,0,113849,1,2,5924,1869,505,458,587,166,448,217,131,241,7056,132,152,608,30,151,478,103,67,170,197,5934,261,1499,705,55,96,10991,49,48,3826,0,0,0,13,0,0,515,2339,254926,225226,0,0,0,0,0,71878,-57,0,0,0,0,0,0,0,0,0,0,0,0,297047,551973
524113,Direct life insurance carriers,0,0,0,0,0,0,0,0,0,0,0,0,0,0,0,0,0,0,0,0,0,0,0,0,0,0,0,0,0,0,0,0,0,0,0,0,0,0,0,0,0,0,0,0,0,0,0,0,0,0,0,0,0,0,0,0,0,0,0,0,0,0,0,0,0,0,0,0,0,0,0,0,0,0,0,0,0,0,0,0,0,0,0,0,0,0,0,0,0,0,0,0,0,0,0,0,0,0,0,0,0,0,0,0,0,0,0,0,0,0,0,0,0,0,0,0,0,0,0,0,0,0,0,0,0,0,0,0,0,0,0,0,0,0,0,0,0,0,0,90314,0,0,0,0,0,0,0,0,0,0,0,0,0,0,0,0,0,0,0,90314,90314
5241XX,"Insurance Carriers, except Direct Life Insurance",2496,887,581,1698,344,3146,690,127,20,303,13,26,9,5,18,10,27,302,37,133,275,22,30,7,377,2,0,23,58,31,276,51,168,38,375,239,757,143,89,96,758,240,70,68,16,71,62,89,172,83,138,326,194,4399,5096,5428,3906,4440,5824,3374,2570,4378,2019,0,2961,1012,1301,768,427,1104,296,1219,762,612,11,766,13080,1536,206,1249,442,1582,257,209,544,3,166,48,606,387,301,2391,7397,5182,45267,408,382,7200,164,56122,7322,3544,2263,2384,2994,1589,893,362,832,166,1082,2443,2245,1215,800,8348,407,710,904,1728,13707,3035,9188,1722,1217,1177,6905,719,1239,1416,0,0,807,139,676,1884,508,3117,303705,308251,0,0,5033,0,0,19554,-52692,0,0,0,0,0,0,0,0,0,0,0,0,280146,583851
5242,"Agencies, brokerages, and other insurance related activities",595,273,71,88,457,243,1143,252,0,89,0,0,0,0,0,0,172,678,109,388,772,99,58,13,1157,4,1,53,168,71,658,27,388,109,968,192,152,448,239,260,1840,676,139,227,45,296,34,280,338,240,352,784,628,122,200,258,209,661,300,199,802,804,324,0,1098,483,403,575,609,156,649,714,1407,68,30,94,39,4543,26,1939,50,1045,137,0,706,8,0,108,1264,125,126,2790,2315,11342,146824,134353,12700,0,5,366,1298,188,475,334,200,711,280,119,697,193,52,298,1298,141,1605,67,39,137,118,378,57,112,764,606,291,170,203,147,406,291,0,0,0,3337,0,181,0,7763,370206,0,0,0,0,0,0,0,0,0,0,0,0,0,0,0,0,0,0,0,0,0,370206
525,"Funds, trusts, and other financial vehicles",0,0,0,0,0,0,0,0,0,0,0,0,0,0,0,0,0,0,0,0,0,0,0,0,0,0,0,0,0,0,0,0,0,0,0,0,0,0,0,0,0,0,0,0,0,0,0,0,0,0,0,0,0,0,0,0,0,0,0,0,0,0,0,0,0,0,0,0,0,0,0,0,0,0,0,0,0,0,0,0,0,0,0,0,0,0,0,0,0,0,0,0,0,685,0,4074,10443,0,0,0,0,0,0,0,0,0,0,0,0,94,0,0,0,0,0,0,0,0,0,0,0,0,0,0,0,0,0,0,0,0,0,0,0,0,0,0,672,0,15968,170526,0,0,0,0,0,0,0,0,0,0,0,0,0,0,0,0,0,0,0,170526,186494
HSO,Owner-occupied housing,0,0,0,0,0,0,0,0,0,0,0,0,0,0,0,0,0,0,0,0,0,0,0,0,0,0,0,0,0,0,0,0,0,0,0,0,0,0,0,0,0,0,0,0,0,0,0,0,0,0,0,0,0,0,0,0,0,0,0,0,0,0,0,0,0,0,0,0,0,0,0,0,0,0,0,0,0,0,0,0,0,0,0,0,0,0,0,0,0,0,0,0,0,0,0,0,0,0,0,0,0,0,0,0,0,0,0,0,0,0,0,0,0,0,0,0,0,0,0,0,0,0,0,0,0,0,0,0,0,0,0,0,0,0,0,0,0,0,0,1553178,0,0,0,0,0,0,0,0,0,0,0,0,0,0,0,0,0,0,0,1553178,1553178
HST,Tenant-occupied housing,0,0,0,0,0,0,0,0,0,0,0,0,0,0,0,0,0,0,0,0,0,0,0,0,0,0,0,0,0,0,0,0,0,0,0,0,0,0,0,0,0,0,0,0,0,0,0,0,0,0,0,0,0,0,0,0,0,0,0,0,0,0,0,0,0,0,0,0,0,0,0,0,0,0,0,0,0,0,0,0,0,0,0,0,0,0,0,0,0,0,0,0,0,0,0,0,0,0,0,0,0,0,0,0,0,0,0,0,0,0,0,0,0,0,0,0,0,0,0,0,0,0,0,0,0,0,0,0,0,0,0,0,0,0,0,0,0,0,0,464741,0,0,0,0,0,2934,0,0,0,0,0,0,0,0,0,0,0,0,0,467675,467675
ORE,Other real estate,3670,1356,21,907,155,726,5778,1621,775,2830,1321,4584,1138,444,1400,808,498,805,126,258,4246,33,11,34,1437,0,1,4,19,6,466,0,5,1,140,130,292,925,43,851,2927,967,110,347,37,1421,1846,96,57,85,4,701,2070,6802,5046,8780,7580,14827,5305,5960,1528,14160,2304,0,15038,21897,16246,8289,18129,8679,24812,10554,27642,222,131,784,6001,1932,157,4752,1846,8853,1865,3656,3472,1356,3589,13179,2615,7541,2460,27081,21996,1011,14943,4588,692,10984,97,172028,8975,22399,7809,7045,9919,7562,57380,4835,6907,31959,10512,7611,11850,2467,20250,22338,5640,5769,7863,6193,60688,27100,20014,11084,15511,5320,48604,13448,24341,19425,0,224,5463,491,867,844,7798,2613,1119060,5861,0,0,129878,33104,0,3274,0,0,0,0,0,0,0,0,0,0,0,0,0,172117,1291177
532RL,Rental and leasing services and lessors of intangible assets,1966,765,108,2345,2124,4360,2394,402,1274,5836,1996,4517,2908,1880,1758,3731,217,670,273,268,1560,100,51,47,985,3,8,39,463,2,328,17,65,23,5110,645,380,232,333,331,1768,798,96,68,1557,761,454,958,1334,766,316,752,792,2300,1661,2034,1749,3495,862,3122,659,6573,242,0,926,957,2674,2342,645,590,519,1120,660,12547,5880,6411,8764,920,57,2766,740,5865,1058,666,930,2797,3399,2655,588,6235,3170,4543,4646,15,3282,356,41,3975,460,2125,9670,2020,2057,1405,2121,1999,3226,2668,1333,15608,1314,3329,3278,2401,1361,2176,81,179,500,970,3948,590,553,1686,2074,1206,8563,904,1280,322,0,218,150,216,864,4091,725,549,264590,97091,0,0,0,0,0,80045,0,0,0,0,0,0,0,0,0,0,0,0,0,177136,441726
5411,Legal services,197,183,102,405,439,505,6605,871,176,1148,553,1354,869,211,696,682,340,382,207,158,1561,64,43,7,905,2,28,54,319,8,106,12,202,1,243,337,182,282,566,411,889,76,53,83,27,651,289,484,363,130,198,268,784,576,2406,3397,1672,2256,1648,1389,390,2956,312,0,668,669,678,387,572,361,313,1793,538,612,888,136,217,203,43,408,189,303,720,2633,500,492,1166,1379,342,2032,1810,6575,10536,2209,9242,1666,2781,1983,3,13361,761,2925,3372,913,1779,2555,24777,288,986,10310,3696,1675,3126,486,407,2405,376,633,531,1858,15311,1626,570,2210,1839,789,2620,1359,1143,2352,0,0,115,76,1705,2432,7129,1192,217448,104093,0,0,22342,0,0,14209,-3860,0,0,0,0,0,0,0,0,0,0,0,0,136784,354232
5415,Computer systems design and related services,368,113,33,2483,561,113,1627,815,472,991,429,912,639,287,649,529,218,335,147,136,1589,59,51,22,2309,3,39,41,533,9,102,14,42,8,600,3753,200,294,258,236,854,118,148,85,8,318,470,552,105,33,129,259,558,1030,2928,3994,2301,3555,714,1530,423,3034,193,0,4489,857,1692,818,731,856,556,1759,912,421,1221,16,572,168,4,226,0,302,5527,3361,380,295,1607,2525,423,7383,3465,14217,9208,1755,3881,1281,1638,874,1,3609,402,4342,5998,847,677,2364,2686,690,1145,2167,4837,1171,8828,447,1524,2111,258,211,762,388,4353,839,1188,386,930,990,4037,1025,832,1356,0,3976,11359,105,4942,6738,15344,4779,227422,0,37753,224926,0,0,0,30501,-34142,0,3669,7374,0,0,0,21084,0,0,2338,8235,0,301738,529160
5412,"Accounting, tax preparation, bookkeeping, and payroll services",631,679,76,239,290,80,2035,1507,121,795,366,701,494,115,488,430,266,300,107,109,612,39,12,12,436,0,5,18,73,10,179,4,20,3,232,303,94,285,157,155,745,225,3,86,7,316,168,402,121,61,32,215,413,488,1953,3324,2708,2908,875,1666,338,3132,361,0,2872,1638,769,670,716,842,503,1058,1070,242,431,106,1301,250,12,546,72,437,675,1039,429,513,1261,2694,360,458,1036,3764,5847,1794,6529,2220,2169,367,1,5690,996,2280,2553,4745,1973,2770,2273,283,1622,5727,3845,809,4176,452,563,3341,531,659,568,974,8209,2157,1094,1928,1409,778,3533,2693,2347,1726,0,0,9,245,1540,3195,4122,1922,161453,17900,0,0,0,0,0,2679,-3367,0,0,0,0,0,0,0,0,0,0,0,0,17212,178665
5413,"Architectural, engineering, and related services",6,2,421,1084,1088,1280,1051,1662,1732,6503,3920,9836,3068,2470,5801,3156,473,562,532,208,1035,167,52,39,545,0,0,3,159,1,210,0,77,10,541,316,724,239,170,203,1592,171,22,107,23,890,570,505,747,285,28,245,866,0,370,599,1373,934,6866,960,145,1250,56,0,313,167,497,226,148,125,187,464,236,279,1229,2,230,34,177,199,3,288,134,166,141,20,1595,9697,402,495,44,116,1101,3,235,241,1383,2336,4,30649,1351,496,9784,369,16398,5014,17232,54,553,3062,583,1584,2869,721,320,1139,39,271,155,330,1259,438,544,73,592,428,1289,52,208,528,0,34478,3153,583,4023,2825,19088,13297,266698,0,51774,0,3058,0,0,33253,-14609,0,0,0,0,0,0,0,0,0,0,0,0,73476,340174
5416,"Management, scientific, and technical consulting services",1,0,5,59,38,147,202,316,198,341,142,483,141,51,187,108,104,53,20,45,162,10,9,4,284,0,2,6,65,4,142,2,160,0,113,19,102,139,175,52,512,84,219,28,1,201,80,612,254,65,280,155,170,1276,3140,3911,3961,3332,1987,1238,152,4602,46,0,1588,1030,396,373,777,388,639,3807,459,20,19,188,499,515,33,573,142,590,1483,3188,629,395,1115,1277,345,5752,2832,19615,19331,14,248,3676,259,0,0,1240,971,1471,4550,747,9947,4549,27281,330,1573,11244,1382,1513,4022,681,781,7839,258,551,1693,1920,13909,4381,1384,2967,892,1664,2543,1032,1280,5341,0,75,5275,16,2997,1233,8182,693,240999,0,0,0,0,0,0,51485,-31341,0,0,0,0,0,0,0,0,0,0,0,0,20144,261143
5417,Scientific research and development services,0,0,2,0,0,0,1394,146,0,15,0,0,0,0,0,0,18,19,10,11,58,2,1,0,25,0,0,0,2,0,3,0,0,0,18,8,16,38,10,10,63,5,0,1,0,23,19,29,7,5,2,4,58,14,0,0,0,0,0,0,0,0,0,0,0,0,0,0,0,0,0,0,0,0,6,0,0,0,0,24,0,0,0,12,0,0,37,67,17,29,4,516,277,0,0,0,0,0,0,0,0,0,834,0,349,48,5020,0,0,1785,0,0,0,55,3,0,0,0,0,0,1178,0,0,1,0,0,0,0,0,77,0,0,0,153,0,0,354,99,12981,5303,0,437476,0,0,0,39414,-30833,0,0,50501,0,0,0,80601,0,0,0,21404,0,603866,616847
5418,"Advertising, public relations, and related services",3,0,4,88,38,218,1576,292,175,782,330,883,327,110,755,230,344,490,151,339,1433,86,76,48,1303,33,103,59,587,22,530,10,143,13,424,496,210,729,696,849,5039,1381,84,194,50,535,415,211,264,98,1382,764,945,6694,5233,7697,2388,8286,9888,2419,666,10990,1544,0,18255,5306,2639,3144,2446,895,4344,19523,7127,1158,161,1108,670,425,6,354,228,572,1814,8696,3083,5088,6222,6764,1068,6957,13170,29388,4303,2128,12646,1273,118,0,26,10530,3691,5968,5111,903,1027,4459,8751,2383,1931,15287,4548,3370,12863,540,3315,1859,968,859,600,572,3447,998,648,2695,3764,5407,15407,1682,5664,2314,0,333,458,198,593,1707,2649,1171,391927,766,0,0,0,0,0,20441,-7593,0,0,0,0,0,0,0,0,0,0,0,0,13614,405541
541X,"Specialized design services and other professional, scientific, and technical services",128,893,53,284,44,165,5806,368,108,63,120,508,156,80,348,120,96,634,304,294,1294,110,13,28,716,0,0,4,130,2,186,2,18,1,640,312,484,599,305,275,1525,151,12,108,13,335,255,520,238,198,71,205,1223,246,1116,1436,1089,1601,675,1572,675,2325,192,0,337,695,669,686,480,676,110,1148,214,234,92,0,456,369,355,246,18,225,2659,138,1530,227,845,2599,232,143,820,9074,5985,89,1634,1,95,1,2,3638,707,730,3220,1820,5872,2030,9909,4664,1795,4163,866,295,1670,133,328,1721,139,76,280,298,5288,416,813,278,310,85,1169,132,593,1076,0,0,0,142,712,547,4616,2064,127151,48440,0,1167,0,0,0,5254,-3517,0,0,0,0,0,0,0,0,0,0,0,0,51344,178495
55,Management of companies and enterprises,0,0,0,13479,4988,4712,0,0,659,0,750,3414,796,1329,1791,842,351,2218,224,716,4124,633,1080,457,13029,382,188,1149,1868,290,1862,142,1132,101,5049,4112,912,475,1102,2363,20195,1327,1935,651,192,2083,389,2708,2621,2580,6691,7508,1619,6566,11591,16491,4420,11340,10799,10036,4364,15535,1041,0,1915,2619,9564,303,260,76,18198,1897,5039,3052,0,1473,4382,147,0,3495,2898,1655,1763,1718,262,1715,498,178,62,2217,19,9495,10650,707,4682,1253,1316,0,88,7059,10414,5226,4393,2608,4222,3031,7932,942,2115,0,12608,2743,7268,2988,3616,34721,3743,1276,6303,5286,10591,6405,4919,2471,2035,5871,64479,5641,3673,0,0,0,0,0,0,0,0,0,547576,0,0,0,0,0,0,4296,0,0,0,0,0,0,0,0,0,0,0,0,0,4296,551872
5613,Employment services,2,16,4,12,9,917,10477,1913,140,486,51,1444,426,284,566,264,57,372,556,855,4054,66,131,264,841,12,156,193,384,9,132,0,13,30,740,2313,1183,34,257,237,830,133,243,68,89,310,1247,662,201,96,143,285,484,1057,2676,3480,1988,4742,1095,1703,107,3580,293,0,2799,525,299,985,1020,454,644,3157,1357,394,9,334,7548,2200,315,2962,1581,4356,1509,10512,857,1427,21326,8638,424,6554,7464,13755,8460,802,354,1985,14,0,1,8518,2738,3902,22721,3162,7467,7291,10258,2338,3273,6556,35984,4329,10926,2994,1859,7628,81,645,3347,3717,23568,5312,1347,2954,1323,1051,6043,6220,2734,1333,0,2184,19,138,1144,670,5014,1599,382820,1879,0,0,0,0,0,975,-1588,0,0,0,0,0,0,0,0,0,0,0,0,1266,384086
5617,Services to buildings and dwellings,369,176,32,190,533,785,324,405,36,325,143,1013,255,118,271,200,396,261,190,159,640,29,40,28,392,0,1,28,85,1,167,15,143,11,748,420,188,176,96,68,1679,194,75,107,6,1076,377,610,1103,413,288,419,767,428,855,1213,1098,1574,386,1003,328,1607,152,0,1228,1145,2990,695,429,961,569,618,786,955,380,8,274,1844,38,1093,46,267,213,367,221,103,458,454,236,417,649,1548,1644,411,1076,8,198,293,261,74221,2706,629,314,190,516,369,555,222,422,1337,1493,1048,1714,492,909,810,107,117,638,214,3808,1144,1032,331,1215,2105,3862,480,544,1319,0,92,44,172,1325,792,11375,1216,167977,21348,0,0,0,0,0,58,0,0,0,0,0,0,0,0,0,0,0,0,0,21406,189383
561X,Other administrative and support services,29,6,10,93,87,394,1455,292,50,332,322,462,223,77,308,179,172,428,585,866,4447,78,123,259,1048,14,153,189,404,18,139,4,36,32,830,2695,1315,181,398,590,848,100,47,61,212,284,1384,849,263,128,179,292,665,1845,3595,3906,2791,5131,3103,4187,3171,9868,996,0,2909,1337,2120,1374,791,1315,528,2698,934,2954,411,5336,2383,2169,481,3616,149,1194,1237,4237,388,160,1637,2075,277,1876,2141,9084,2742,1467,3211,898,2,2862,35,15268,14976,5359,7832,1299,5094,5691,5800,1432,1224,8616,5429,1362,6337,1131,1836,6121,213,301,1123,1170,9952,1975,897,2265,577,1128,2340,368,915,2598,0,3418,9732,266,1934,2416,11539,4141,284331,41263,0,0,0,0,0,1401,-350,0,0,0,0,0,0,0,0,0,0,0,0,42314,326645
562,Waste management and remediation services,139,156,5,330,100,149,419,150,80,525,165,427,180,113,414,171,109,249,146,123,365,17,17,16,230,2,3,55,92,0,59,5,32,2,176,208,60,103,78,62,1004,170,28,66,1,295,94,495,1315,202,142,256,316,151,108,752,153,743,81,343,36,470,54,0,1024,484,297,150,175,563,155,117,282,63,142,10,782,34,15,169,96,277,42,35,54,26,7,3,83,51,35,714,141,1085,870,33,845,3,0,30034,646,309,307,265,139,415,727,125,216,859,104,967,809,11003,303,779,117,206,224,165,1713,802,555,124,474,1130,2078,383,591,559,0,92,1299,245,2135,778,17881,3469,104896,28334,0,0,0,0,0,156,-234,0,0,0,0,0,0,0,0,0,0,0,0,28256,133152
61,Educational services,1,1,0,0,0,0,103,46,0,5,0,0,0,0,0,0,0,0,0,0,0,0,0,0,0,0,0,0,0,0,0,0,0,0,0,0,0,0,0,0,0,0,0,0,0,0,25,5,0,0,0,0,1,314,142,214,346,265,0,106,0,488,0,0,74,481,0,774,0,840,0,1092,188,176,12,0,0,0,2,38,0,0,0,0,0,0,10,12,0,111,0,26,5,0,0,0,0,0,0,0,0,0,111,0,42,0,0,0,0,0,51,118,117,0,2073,0,0,0,0,0,3,0,0,2013,200,0,0,0,19,1746,0,0,15,61,3817,1131,2539,7,19966,360205,0,0,0,0,0,2580,-1731,0,0,0,0,0,0,0,0,0,0,0,0,361054,381020
6211,Offices of physicians,0,0,0,0,0,0,0,0,0,0,0,0,0,0,0,0,0,0,0,0,0,0,0,0,0,0,0,0,0,0,0,0,0,0,0,0,0,0,0,0,0,0,0,0,0,0,0,0,0,0,0,0,0,0,0,0,0,0,0,0,0,0,0,0,0,0,0,0,0,0,0,0,0,0,0,0,0,0,0,0,0,0,0,0,0,0,0,0,0,0,0,0,0,0,0,0,0,0,0,0,0,0,0,0,0,0,0,0,0,0,0,0,0,0,0,0,0,0,0,0,0,0,0,0,0,0,0,0,0,0,0,0,102,0,0,515,0,0,617,491310,0,0,0,0,0,181,-15,0,0,0,0,0,0,0,0,0,0,0,0,491476,492093
6212,Offices of dentists,0,0,0,0,0,0,0,0,0,0,0,0,0,0,0,0,0,0,0,0,0,0,0,0,0,0,0,0,0,0,0,0,0,0,0,0,0,0,0,0,0,0,0,0,0,0,0,0,0,0,0,0,0,0,0,0,0,0,0,0,0,0,0,0,0,0,0,0,0,0,0,0,0,0,0,0,0,0,0,0,0,0,0,0,0,0,0,0,0,0,0,0,0,0,0,0,0,0,0,0,0,0,0,0,0,0,0,0,0,0,0,0,0,0,0,0,0,0,0,0,0,0,0,0,0,0,0,0,0,0,0,0,0,0,0,0,0,0,0,129315,0,0,0,0,0,100,-15,0,0,0,0,0,0,0,0,0,0,0,0,129400,129400
6213,Offices of other health practitioners,0,0,0,0,0,0,0,0,0,0,0,0,0,0,0,0,0,0,0,0,0,0,0,0,0,0,0,0,0,0,0,0,0,0,0,0,0,0,0,0,0,0,0,0,0,0,0,0,0,0,0,0,0,0,0,0,0,0,0,0,0,0,0,0,0,0,0,0,0,0,0,0,0,0,0,0,0,0,0,0,0,0,0,0,0,0,0,0,0,0,0,0,0,0,0,0,0,0,0,0,0,0,0,0,0,0,0,0,0,0,0,0,0,0,0,0,0,0,0,0,0,0,0,0,0,0,0,0,0,0,0,0,2,0,0,3833,0,0,3835,94125,0,0,0,0,0,100,-15,0,0,0,0,0,0,0,0,0,0,0,0,94210,98045
6214,Outpatient care centers,0,0,0,0,0,0,0,0,0,0,0,0,0,0,0,0,0,0,0,0,0,0,0,0,0,0,0,0,0,0,0,0,0,0,0,0,0,0,0,0,0,0,0,0,0,0,0,0,0,0,0,0,0,0,0,0,0,0,0,0,0,0,0,0,0,0,0,0,0,0,0,0,0,0,0,0,0,0,0,0,0,0,0,0,0,0,0,0,0,0,0,0,0,0,0,0,0,0,0,0,0,0,0,0,0,0,0,0,0,0,0,0,0,0,0,0,0,0,0,0,0,0,0,0,0,0,0,0,0,0,0,0,890,0,0,4238,0,0,5128,160922,0,0,0,0,0,106,-15,0,0,0,0,0,0,0,0,0,0,0,0,161013,166141
6215OH,Other ambulatory health care services,0,0,0,0,0,0,0,0,0,0,0,0,0,0,0,0,0,0,0,0,0,0,0,0,0,0,0,0,0,0,0,0,0,0,0,0,0,0,0,0,0,0,0,0,0,0,0,0,0,0,0,0,0,0,0,0,0,0,0,0,0,0,0,0,0,0,0,0,0,0,0,0,0,0,0,0,0,0,0,0,0,0,0,0,0,0,0,0,0,0,0,0,0,0,0,0,0,0,0,0,0,0,0,0,0,0,0,0,66,0,0,0,76,0,0,10184,0,0,3884,218,8686,60,0,94,2,0,0,0,0,51,0,0,0,0,0,236,0,0,23557,175201,0,0,0,0,0,299,-44,0,0,0,0,0,0,0,0,0,0,0,0,175456,199013
622,Hospitals,0,0,0,0,0,0,0,0,0,0,0,0,0,0,0,0,0,0,0,0,0,0,0,0,0,0,0,0,0,0,0,0,0,0,0,0,0,0,0,0,0,0,0,0,0,0,0,0,0,0,0,0,0,0,0,0,0,0,0,0,0,0,0,0,0,0,0,0,0,0,0,0,0,0,0,0,0,0,0,0,0,0,0,0,0,0,0,0,0,0,0,0,0,0,0,0,0,0,0,0,0,0,0,0,0,0,0,0,0,0,0,0,0,0,0,0,0,0,0,0,16228,0,0,0,0,0,0,0,0,0,0,0,0,0,0,0,0,0,16228,1039196,0,0,0,0,0,2815,-4439,0,0,0,0,0,0,0,0,0,0,0,0,1037572,1053800
623,Nursing and residential care facilities,0,0,0,0,0,0,0,0,0,0,0,0,0,0,0,0,0,0,0,0,0,0,0,0,0,0,0,0,0,0,0,0,0,0,0,0,0,0,0,0,0,0,0,0,0,0,0,0,0,0,0,0,0,0,0,0,0,0,0,0,0,0,0,0,0,0,0,0,0,0,0,0,0,0,0,0,0,0,0,0,0,0,0,0,0,0,0,0,0,0,0,0,0,0,0,0,0,0,0,0,0,0,0,0,0,0,0,0,0,0,0,0,0,0,0,0,0,0,0,0,0,0,0,0,0,0,0,0,0,0,0,0,1568,0,0,899,0,0,2467,241619,0,0,0,0,0,200,-29,0,0,0,0,0,0,0,0,0,0,0,0,241790,244257
624,Social assistance,0,0,0,0,0,0,0,0,0,0,0,0,0,0,0,0,0,0,0,0,0,0,0,0,0,0,0,0,0,0,0,0,0,0,0,0,0,0,0,0,0,0,0,0,0,0,0,0,0,0,0,0,0,0,0,0,0,0,0,0,0,0,0,0,0,0,0,0,0,0,0,0,0,0,0,0,0,0,0,0,0,0,0,0,0,0,0,0,0,0,0,0,0,0,0,0,0,0,0,0,0,0,0,0,0,0,0,0,0,0,0,0,0,0,0,0,0,0,0,0,0,0,0,0,0,0,0,0,0,0,0,0,0,0,0,0,1409,0,1409,225279,0,0,0,0,0,0,0,0,0,0,0,0,0,0,0,0,0,0,0,225279,226688
711AS,"Performing arts, spectator sports, museums, and related activities",41,43,0,0,0,23,177,28,3,60,12,52,5,1,32,9,19,30,21,14,64,5,2,4,39,0,0,0,7,0,4,1,0,0,32,9,10,18,18,11,81,9,0,5,0,31,32,32,19,10,3,5,93,199,362,475,389,588,22,450,7,517,8,0,405,376,68,89,23,112,24,165,58,0,141,0,49,17,0,232,2,6,99,103,6779,15973,13503,99,21,332,43,2198,577,0,181,19,341,0,1,5134,269,595,955,548,392,514,106,2065,238,3925,714,167,1010,88,365,521,52,27,87,69,790,161,278,22008,580,170,2717,37,723,867,0,0,14,24,224,122,601,34,93358,39754,0,5477,0,0,0,48765,-1325,0,0,0,0,0,0,0,0,0,0,0,0,92671,186029
713,"Amusements, gambling, and recreation industries",8,12,0,0,0,12,38,9,1,15,8,34,3,0,19,4,4,10,4,2,16,1,0,1,9,0,0,0,2,0,1,0,0,0,7,2,2,5,5,3,15,2,0,0,0,6,8,4,6,2,0,1,15,46,26,43,48,55,0,117,0,98,0,0,7,28,2,43,0,48,0,70,134,0,0,0,0,0,0,5,0,1,10,16,7,1,7,24,8,93,14,364,133,0,22,6,29,0,1,0,50,83,257,70,77,90,27,30,38,776,156,26,221,22,50,183,9,7,7,12,10,21,46,139,205,316,699,5,13,29,0,2,2,0,56,0,461,89,6086,210212,0,0,0,0,0,4,0,0,0,0,0,0,0,0,0,0,0,0,0,210216,216302
721,Accommodation,0,1,0,1,8,201,1065,156,14,344,14,18,6,1,11,4,74,160,69,47,308,18,9,24,185,0,0,1,44,0,24,9,12,1,143,45,43,97,98,63,284,40,4,16,2,108,191,76,110,44,12,36,329,1023,184,778,244,606,0,268,0,373,0,0,42,50,52,78,2,71,3,84,7,0,14,0,0,0,3,332,1,15,215,334,171,25,148,498,176,3075,286,7625,2829,0,465,127,614,0,21,13795,1167,1384,5489,1061,1749,1295,489,391,572,942,3152,460,1858,534,738,2271,191,146,188,252,212,260,151,125,217,208,2741,102,184,542,0,1432,900,48,639,355,1796,171,73616,116187,0,0,0,0,0,47109,0,0,0,0,0,0,0,0,0,0,0,0,0,163296,236912
722,Food services and drinking places,226,217,8,8,30,391,2218,187,1,325,10,17,8,3,40,97,108,202,100,74,366,26,10,25,248,0,0,4,43,5,48,9,10,2,183,66,56,113,107,76,428,61,3,34,6,159,174,167,121,54,27,45,366,572,976,1696,1202,1230,95,1221,30,1582,45,0,951,806,1104,685,254,847,208,1093,478,7303,3,17,810,141,17,320,988,303,189,301,249,20,140,524,132,2610,211,11210,2879,4,3296,95,1464,0,17,39564,2918,2520,7251,2638,4175,3844,2356,889,1970,4646,3655,535,6672,502,1020,9037,241,912,10214,350,12962,6767,2264,513,1214,8952,5613,309,1122,853,0,517,288,236,2825,2941,2509,566,211990,681808,0,0,0,0,0,52750,0,0,0,0,0,0,0,0,0,0,0,0,0,734558,946548
811,Repair and maintenance,149,87,30,34,97,451,483,832,677,1067,315,760,485,426,417,881,343,869,498,442,1457,64,84,66,779,3,20,314,228,1,138,14,137,10,653,401,150,138,227,159,1457,160,66,86,5,989,328,591,1026,395,277,405,776,863,485,832,1433,2685,431,2010,823,3301,405,0,1630,1939,2005,1064,437,1600,264,940,565,336,42,405,6321,1192,147,1521,42,880,252,1168,267,203,1964,531,247,1123,973,3545,1879,3,3118,36,99,0,0,4850,8127,936,1872,309,1103,960,6522,322,480,5703,549,6134,5278,4377,1825,1766,462,186,739,1235,8385,742,374,508,1049,1403,8143,1531,1194,425,0,3040,8243,504,4515,2676,7635,2283,177338,191327,0,0,0,0,0,75,-4786,0,0,0,0,0,0,0,0,0,0,0,0,186616,363954
812,Personal and laundry services,0,0,14,0,0,0,0,3,0,0,0,0,0,0,0,0,2,66,22,20,85,0,0,0,20,0,0,0,0,0,0,0,0,0,12,14,11,0,14,1,2,0,0,8,0,0,0,1,0,0,1,0,4,189,310,291,295,689,0,377,0,1196,108,0,559,56,55,40,37,258,1,22,263,2,25,0,7,72,0,670,7,0,12,2,7,2,62,335,13,4,0,85,49,0,6,1,0,0,0,800,58,112,34,597,412,890,744,188,347,11,29,66,241,15,61,304,240,65,294,88,2861,624,271,142,240,340,875,487,2265,64,0,153,11,30,441,621,3777,60,25265,186239,0,0,0,0,0,0,0,0,0,0,0,0,0,0,0,0,0,0,0,186239,211504
813,"Religious, grantmaking, civic, professional, and similar organizations",67,42,0,15,12,44,140,85,10,82,67,257,44,21,288,58,16,24,10,9,35,3,1,0,22,0,0,0,3,0,3,0,0,0,14,4,6,14,8,8,52,5,0,4,0,20,13,28,2,4,2,3,39,130,0,114,124,123,0,321,0,111,0,0,76,38,19,72,21,97,32,109,55,52,39,0,111,33,2,40,9,27,32,25,24,2,24,116,5,59,5,3094,1743,230,2689,1,151,2221,16393,728,1720,144,352,84,137,100,357,30,52,354,92,65,114,25,55,312,84,61,64,104,300,115,62,136,10,10,284,49,307,303,0,0,0,6,0,0,0,19,36788,217059,0,0,0,0,0,0,0,0,0,0,0,0,0,0,0,0,0,0,0,217059,253847
814,Private households,0,0,0,0,0,0,0,0,0,0,0,0,0,0,0,0,0,0,0,0,0,0,0,0,0,0,0,0,0,0,0,0,0,0,0,0,0,0,0,0,0,0,0,0,0,0,0,0,0,0,0,0,0,0,0,0,0,0,0,0,0,0,0,0,0,0,0,0,0,0,0,0,0,0,0,0,0,0,0,0,0,0,0,0,0,0,0,0,0,0,0,0,0,0,0,0,0,0,0,0,0,0,0,0,0,0,0,0,0,0,0,0,0,0,0,0,0,0,0,0,0,0,0,0,0,0,0,0,0,0,0,0,0,0,0,0,0,0,0,18684,0,0,0,0,0,0,0,0,0,0,0,0,0,0,0,0,0,0,0,18684,18684
GFGD,Federal general government (defense),0,0,0,0,0,0,0,0,0,0,0,0,0,0,0,0,0,0,0,0,0,0,0,0,0,0,0,0,0,0,0,0,0,0,0,0,0,0,0,0,0,0,0,0,0,0,0,0,0,0,0,0,0,0,0,0,0,0,0,0,0,0,0,0,0,0,0,0,0,0,0,0,0,0,0,0,0,0,0,0,0,0,0,0,0,0,0,0,0,0,0,0,0,0,0,0,0,0,0,0,0,0,0,0,0,0,0,0,0,0,0,0,0,0,0,0,0,0,0,0,0,0,0,0,0,0,0,0,0,0,0,0,0,0,0,0,0,0,0,0,0,0,0,0,0,0,0,599358,0,0,0,0,0,0,0,0,0,0,0,599358,599358
GFGN,Federal general government (nondefense),0,0,0,0,0,0,0,0,0,0,0,0,0,0,0,0,0,0,0,0,0,0,0,0,0,0,0,0,0,0,0,0,0,0,0,0,0,0,0,0,0,0,0,0,0,0,0,0,0,0,0,0,0,0,0,0,0,0,0,0,0,0,0,0,0,0,0,0,0,0,0,0,0,0,0,0,0,0,0,0,0,0,0,0,0,0,0,0,0,0,0,0,0,0,0,0,0,0,0,0,0,0,0,0,0,0,0,0,0,0,0,0,0,0,0,0,0,0,0,0,0,0,0,0,0,0,0,0,0,0,0,0,0,0,0,0,0,0,0,0,0,0,0,0,0,3141,0,0,0,0,0,379143,0,0,0,0,0,0,0,382284,382284
GFE,Federal government enterprises,5,6,4,0,3,0,219,82,0,9,0,0,0,0,0,0,0,0,6,27,120,31,30,4,226,2,3,18,57,7,149,0,0,0,0,0,0,0,0,17,0,0,0,1,0,0,55,43,62,1,0,0,0,747,1864,2949,1654,3896,3015,1801,720,4001,397,0,976,653,368,460,547,268,438,2117,635,3,0,2478,3029,342,29,173,602,693,510,34,193,0,33,156,20,796,403,1784,2779,68,5,32,0,0,0,615,1335,367,521,325,288,765,217,333,229,242,157,30,912,130,220,378,106,96,137,301,2225,254,577,153,80,1254,5432,86,267,399,0,0,107,81,175,233,1471,106,63459,6914,0,0,0,0,0,710,-289,0,0,0,0,0,0,0,0,0,0,0,0,7335,70794
GSLGE,State and local government educational services,0,0,0,0,0,0,0,0,0,0,0,0,0,0,0,0,0,0,0,0,0,0,0,0,0,0,0,0,0,0,0,0,0,0,0,0,0,0,0,0,0,0,0,0,0,0,0,0,0,0,0,0,0,0,0,0,0,0,0,0,0,0,0,0,0,0,0,0,0,0,0,0,0,0,0,0,0,0,0,0,0,0,0,0,0,0,0,0,0,0,0,0,0,0,0,0,0,0,0,0,0,0,0,0,0,0,0,0,0,0,0,0,0,0,0,0,0,0,0,0,0,0,0,0,0,0,0,0,0,0,0,0,0,0,0,0,0,0,0,0,0,0,0,0,0,0,0,0,0,0,0,0,0,0,0,832472,0,0,0,832472,832472
GSLGH,State and local government hospitals and health services,0,0,0,0,0,0,0,0,0,0,0,0,0,0,0,0,0,0,0,0,0,0,0,0,0,0,0,0,0,0,0,0,0,0,0,0,0,0,0,0,0,0,0,0,0,0,0,0,0,0,0,0,0,0,0,0,0,0,0,0,0,0,0,0,0,0,0,0,0,0,0,0,0,0,0,0,0,0,0,0,0,0,0,0,0,0,0,0,0,0,0,0,0,0,0,0,0,0,0,0,0,0,0,0,0,0,0,0,0,0,0,0,0,0,0,0,0,0,0,0,0,0,0,0,0,0,0,0,0,0,0,0,0,0,0,0,0,0,0,0,0,0,0,0,0,0,0,0,0,0,0,0,0,0,0,68698,0,0,0,68698,68698
GSLGO,State and local government other services,0,0,0,0,0,0,0,0,0,0,0,0,0,0,0,0,0,0,0,0,0,0,0,0,0,0,0,0,0,0,0,0,0,0,0,0,0,0,0,0,0,0,0,0,0,0,0,0,0,0,0,0,0,0,0,0,0,0,0,0,0,0,0,0,0,0,0,0,0,0,0,0,0,0,0,0,0,0,0,0,0,0,0,0,0,0,0,0,0,0,0,0,0,0,0,0,0,0,0,0,0,0,0,0,0,0,0,0,0,0,0,0,0,0,0,0,0,0,0,0,0,0,0,0,0,0,0,0,0,0,0,0,0,0,0,0,0,0,0,0,0,0,0,0,0,0,0,0,0,0,0,0,0,0,0,836043,0,0,0,836043,836043
GSLE,State and local government enterprises,0,0,1,0,0,0,176,201,0,0,0,0,0,0,0,0,60,164,100,79,252,11,12,12,165,0,2,39,59,0,39,3,24,2,122,157,42,47,53,43,707,125,21,50,2,204,58,347,970,147,105,188,194,142,70,537,102,284,40,231,24,243,34,0,607,344,190,112,124,314,107,81,207,4,0,0,420,6,7,63,52,185,31,39,50,19,9,10,59,58,30,659,190,0,69,29,0,0,0,2086,1092,558,270,71,106,244,337,34,227,580,106,312,867,702,133,369,38,80,125,90,758,497,377,93,208,804,1437,289,457,393,0,1277,740,258,2040,1387,2950,1388,34545,72509,0,0,0,0,0,0,0,0,0,0,0,0,0,0,0,0,0,0,0,72509,107054
Used,"Scrap, used and secondhand goods",-18,0,125,0,0,1073,4943,807,0,0,0,0,0,1484,1178,0,0,83,21414,6211,723,0,0,0,9,0,0,0,0,0,0,0,0,0,0,0,0,0,0,77,1,0,0,17,0,1943,0,0,0,0,0,38,48,0,0,0,0,0,0,0,0,0,0,0,40,0,0,0,0,0,0,226,0,-303,0,-183,384,4,132,4519,1083,0,0,0,101,1,0,0,0,0,0,0,0,0,0,0,0,0,0,0,8,0,0,0,0,0,0,0,0,375,0,0,0,0,819,0,0,0,0,0,0,0,0,-133,580,0,0,10196,9,82,0,-49,0,0,0,0,0,0,58047,81328,-125163,0,1361,-2586,4199,20932,-14075,0,0,0,-4,0,-4,0,-2683,0,-14497,0,3909,-47283,10764
Other,Noncomparable imports and rest-of-the-world adjustment,481,605,48,512,18,417,1797,103,75,0,153,572,130,223,366,263,192,268,362,280,771,164,161,161,1096,18,460,257,780,17,369,237,333,66,827,1017,107,172,354,200,1714,290,145,106,15,611,302,5681,1248,330,481,502,726,575,990,1190,1134,1011,434,796,858,857,397,0,120,512,1016,0,177,107,284,2601,139,15226,138,1681,947,15,47,455,92,108,230,663,318,208,2872,3886,442,525,251,4292,32829,255,547,577,249,0,98,1316,1555,278,2534,150,1180,963,321,260,388,2114,665,286,441,108,535,0,0,0,0,0,0,294,0,342,234,666,1942,259,4368,0,0,11756,2797,8,0,0,0,0,142492,110221,0,7711,0,0,0,0,-260421,0,0,0,0,0,0,0,0,0,0,0,0,-142489,3
,Total Intermediate,118155,138723,15842,90336,49411,55234,129860,29799,57200,135867,80370,176178,76736,32856,118746,64814,72721,68445,83010,79776,200183,20408,19975,11307,176354,4737,11531,25950,46543,1519,65642,27420,156787,20475,226282,135646,44306,47147,34976,36374,597412,69041,15771,32192,6755,129449,45667,427149,143111,75810,90218,113637,159333,69135,84293,115502,74778,133822,108295,79810,27405,161295,20080,0,109706,81676,78725,38974,40286,43183,69584,110843,74440,107123,35140,40582,189236,34891,7061,73734,40489,62876,42635,100090,52759,98530,155593,118666,23272,91987,67636,410276,266010,37055,273876,163392,167772,212557,25755,748232,140270,88260,146256,45745,120509,87124,240862,40449,61110,197121,137172,93662,158687,62244,85222,185688,30495,24568,62246,57004,357323,96311,97379,72254,64107,88514,429093,118660,89332,88878,0,213330,102927,30424,182115,155501,333157,209722,14855964,,,,,,,,,,,,,,,,,,,,,,
V001,Compensation of employees,22263,8724,25605,21768,12002,30929,57769,20445,60254,92176,59188,82201,75977,51903,106876,48294,21272,27895,13257,17528,93230,7306,5867,4891,68036,6806,12145,37463,58138,1831,33737,4488,13196,2240,45928,45310,17358,21084,24239,19272,94228,15480,1649,11891,7592,28768,25634,14503,18101,10199,11654,21663,44400,27585,81017,37587,57508,77044,34808,57782,21553,101474,21248,0,91993,93179,93173,52482,54840,23914,37501,34909,101781,55812,21452,5737,90888,21995,7705,46165,38700,57207,27905,47379,34168,26005,57469,8380,9106,43130,48606,260602,250438,33648,113871,118081,10929,0,3344,92339,41164,131171,326280,82645,150438,146953,325508,49718,57907,310971,174699,75451,157950,29796,164428,278346,57848,39861,73434,91444,391874,130939,116855,53656,65065,76128,301789,142651,73167,138212,18684,234439,171620,57508,699422,136714,436122,107032,10434981,,,,,,,,,,,,,,,,,,,,,,
V002,"Taxes on production and imports, less subsidies",-5488,4780,1669,31447,4817,2026,49723,12046,606,2357,679,2986,920,591,1308,718,650,1423,1222,1191,3317,295,302,164,2687,741,974,2490,3688,116,858,399,1366,128,1607,2029,612,375,934,731,5453,8421,13813,568,281,1705,721,3710,3819,1768,8677,3614,1866,6191,8265,8554,8692,18843,3441,4647,89943,39740,296,38513,47330,25068,40248,23828,9633,13254,19042,24077,35456,25185,-101,968,4467,1876,3333,1443,1065,934,1348,4389,6216,3535,17187,8698,4303,3054,2442,19425,5585,4000,24226,2373,739,176158,59198,27590,23318,16636,6114,1614,3645,2914,1600,1750,2686,9157,2340,3265,4488,3598,8821,4095,966,641,1096,1661,13386,6226,1969,8085,13337,24119,65363,16748,8348,2788,0,0,0,-6339,0,0,0,-18934,1304098,,,,,,,,,,,,,,,,,,,,,,
V003,Gross operating surplus,56573,52375,10951,94537,20150,30403,145394,21177,30240,58496,29149,70700,40241,38282,43537,29230,12139,26881,12928,12049,39875,4420,5579,601,37092,7297,10914,28355,39506,1217,18971,5125,40107,2806,29868,60922,7603,5917,22862,6927,80964,20253,29931,4184,1655,22981,15482,82333,49480,14301,98826,55570,26996,33195,32874,60237,27886,59138,53307,38823,23048,82375,5919,0,52772,31697,15199,27654,14759,9607,12697,111388,18773,45707,22053,5328,74616,19576,32102,21612,16587,7602,29477,100622,55945,71948,106029,115811,10056,86201,57156,367976,26666,16458,174440,76378,7057,1164460,371689,398293,165997,118281,47709,34696,57413,21972,52534,45829,54631,34618,71197,24102,35829,19121,23536,23961,40376,32971,25763,30761,71517,8833,11957,49994,27373,47318,148741,84653,37497,23757,0,151586,108140,10037,51301,17552,97503,56427,7873028,,,,,,,,,,,,,,,,,,,,,,
,Total Value Added,73348,65879,38225,147752,36969,63358,252886,53668,91100,153029,89016,155887,117138,90776,151721,78242,34061,56199,27407,30768,136422,12021,11748,5656,107815,14844,24033,68308,101332,3164,53566,10012,54669,5174,77403,108261,25573,27376,48035,26930,180645,44154,45393,16643,9528,53454,41837,100546,71400,26268,119157,80847,73262,66971,122156,106378,94086,155025,91556,101252,134544,223589,27463,38513,192095,149944,148620,103964,79232,46775,69240,170374,156010,126704,43404,12033,169971,43447,43140,69220,56352,65743,58730,152390,96329,101488,180685,132889,23465,132385,108204,648003,282689,54106,312537,196832,18725,1340618,434231,518222,230479,266088,380103,118955,211496,171839,379642,97297,115224,354746,248236,102818,198267,52515,196785,306402,99190,73473,100293,123866,476777,145998,130781,111735,105775,147565,515893,244052,119012,164757,18684,386025,279760,61206,750723,154266,533625,144525,19612107,,,,,,,,,,,,,,,,,,,,,19612101,
,Total Industry Output,191503,204602,54067,238088,86380,118592,382746,83467,148300,288896,169386,332065,193874,123632,270467,143056,106782,124644,110417,110544,336605,32429,31723,16963,284169,19581,35564,94258,147875,4683,119208,37432,211456,25649,303685,243907,69879,74523,83011,63304,778057,113195,61164,48835,16283,182903,87504,527695,214511,102078,209375,194484,232595,136106,206449,221880,168864,288847,199851,181062,161949,384884,47543,38513,301801,231620,227345,142938,119518,89958,138824,281217,230450,233827,78544,52615,359207,78338,50201,142954,96841,128619,101365,252480,149088,200018,336278,251555,46737,224372,175840,1058279,548699,91161,586413,360224,186497,1553175,459986,1266454,370749,354348,526359,164700,332005,258963,620504,137746,176334,551867,385408,196480,356954,114759,282007,492090,129685,98041,162539,180870,834100,242309,228160,183989,169882,236079,944986,362712,208344,253635,18684,599355,382687,91630,932838,309767,866782,354247,,13290627,1159954,906247,773889,594899,32670,2082978,-2626303,599358,77266,63715,7956,379143,19194,109262,10161,1737213,44202,44767,304903,,34468065
