iso3,HS_Section,impVal
ABW,6,1121496.0
ABW,7,21600.0
ABW,8,6097.0
ABW,9,4000.0
ABW,10,18088.0
ABW,11,789.0
ABW,13,47460.0
ABW,14,688944.0
ABW,15,103468.0
ABW,16,174686.0
ABW,17,49292.0
ABW,18,259083.0
ABW,20,8759.0
ABW,21,8200906.0
AFG,1,36778.0
AFG,2,10993750.0
AFG,3,87419.0
AFG,4,3733875.0
AFG,5,15399.0
AFG,6,24017.0
AFG,7,12739.0
AFG,8,28927.0
AFG,10,33552.0
AFG,11,4159839.0
AFG,12,7508.0
AFG,13,6750.0
AFG,14,1059772.0
AFG,15,113711.0
AFG,16,203401.0
AFG,18,14093.0
AFG,20,91325.0
AFG,21,1965504.0
AGO,2,69550.0
AGO,4,60349.0
AGO,5,1748901332.0
AGO,6,4151880.0
AGO,9,203279.0
AGO,10,3619.0
AGO,11,900.0
AGO,13,38522.0
AGO,14,100679357.0
AGO,15,15047829.0
AGO,17,82549.0
AIA,4,235930.0
AIA,6,53405.0
AIA,7,68858.0
AIA,8,1154.0
AIA,11,2591.0
AIA,12,163483.0
AIA,13,55328.0
AIA,14,86640.0
AIA,15,61162.0
AIA,16,167710.0
AIA,20,15340.0
AIA,21,278997.0
ALB,1,2489844.0
ALB,2,19729688.0
ALB,3,1243575.0
ALB,4,2947758.0
ALB,5,36615.0
ALB,6,4448440.0
ALB,7,1006236.0
ALB,8,769131.0
ALB,9,154854.0
ALB,10,2748941.0
ALB,11,11097054.0
ALB,12,2167188.0
ALB,13,107717.0
ALB,14,191252.0
ALB,15,71099858.0
ALB,16,1787694.0
ALB,17,1248711.0
ALB,18,44521.0
ALB,20,3215210.0
ALB,21,1746122.0
AND,4,2912.0
AND,7,19670.0
AND,8,1425.0
AND,10,225003.0
AND,11,511.0
AND,12,2925.0
AND,14,126665.0
AND,15,184945.0
AND,16,1565326.0
AND,17,20212.0
AND,18,442678.0
AND,20,441303.0
AND,21,335674.0
ARE,1,7723537.0
ARE,2,57285601.0
ARE,3,18032559.0
ARE,4,59553127.0
ARE,5,1817621380.0
ARE,6,745565078.0
ARE,7,95392406.0
ARE,8,569479.0
ARE,9,1942855.0
ARE,10,98179514.0
ARE,11,71567864.0
ARE,12,9082025.0
ARE,13,122305407.0
ARE,14,354173334.0
ARE,15,1962206486.0
ARE,16,579682755.0
ARE,17,99743157.0
ARE,18,22144012.0
ARE,19,229351.0
ARE,20,37503258.0
ARE,21,1313929439.0
ARG,1,781274927.0
ARG,2,493619072.0
ARG,3,343913062.0
ARG,4,649229568.0
ARG,5,1716822580.0
ARG,6,1005036484.0
ARG,7,44735946.0
ARG,8,13082898.0
ARG,9,101960211.0
ARG,10,18242304.0
ARG,11,2113304.0
ARG,12,1560061.0
ARG,13,2144067.0
ARG,14,801889158.0
ARG,15,641490302.0
ARG,16,158085058.0
ARG,17,9289736.0
ARG,18,8497136.0
ARG,19,2757852.0
ARG,20,7039041.0
ARG,21,289378402.0
ARM,1,2081240.0
ARM,2,1062217.0
ARM,3,23051.0
ARM,4,16396307.0
ARM,5,89580.0
ARM,6,1125047.0
ARM,7,291854.0
ARM,8,214576.0
ARM,9,387341.0
ARM,10,95860.0
ARM,11,8163658.0
ARM,12,76236.0
ARM,13,77984.0
ARM,14,82070120.0
ARM,15,2374142.0
ARM,16,939451.0
ARM,17,14647.0
ARM,18,2035851.0
ARM,20,1040035.0
ARM,21,3023919.0
ATF,7,1318.0
ATF,11,907.0
ATF,15,4339.0
ATF,16,6002.0
ATF,21,23846.0
ATG,4,234213.0
ATG,5,1448095.0
ATG,6,3581.0
ATG,7,5961.0
ATG,8,3920.0
ATG,10,215342.0
ATG,11,68523.0
ATG,13,13457.0
ATG,14,360866.0
ATG,15,2655299.0
ATG,16,146475.0
ATG,17,9049.0
ATG,18,230015.0
ATG,20,49292.0
ATG,21,18307462.0
AUS,1,4290276867.0
AUS,2,313755975.0
AUS,3,282610390.0
AUS,4,557641287.0
AUS,5,628509392.0
AUS,6,1896417107.0
AUS,7,111207031.0
AUS,8,2099361.0
AUS,9,9112173.0
AUS,10,82563203.0
AUS,11,51655255.0
AUS,12,9947585.0
AUS,13,45580234.0
AUS,14,3208416522.0
AUS,15,1149493413.0
AUS,16,1078458170.0
AUS,17,583497702.0
AUS,18,1008058746.0
AUS,19,40449743.0
AUS,20,82156941.0
AUS,21,1253602743.0
AUT,1,10494058.0
AUT,2,16300408.0
AUT,3,5549346.0
AUT,4,347739451.0
AUT,5,6934984.0
AUT,6,3924577537.0
AUT,7,401965467.0
AUT,8,6109971.0
AUT,9,169345810.0
AUT,10,119297282.0
AUT,11,111573831.0
AUT,12,22242496.0
AUT,13,155310194.0
AUT,14,123918459.0
AUT,15,1447966983.0
AUT,16,6263791606.0
AUT,17,2777159257.0
AUT,18,729956418.0
AUT,19,289016526.0
AUT,20,180043950.0
AUT,21,462718795.0
AZE,1,1842025.0
AZE,2,154193.0
AZE,3,395296.0
AZE,4,1288544.0
AZE,5,5015.0
AZE,6,2030893.0
AZE,7,110437.0
AZE,9,926509.0
AZE,10,471530.0
AZE,11,91961.0
AZE,13,215055.0
AZE,14,2278691.0
AZE,15,84554002.0
AZE,16,5603032.0
AZE,17,570425.0
AZE,18,10050.0
AZE,19,8054766.0
AZE,20,535413.0
AZE,21,48638635.0
BDI,2,3356667.0
BDI,6,3750.0
BDI,8,1104.0
BDI,10,16232.0
BDI,11,337408.0
BDI,16,2477.0
BDI,21,19046.0
BEL,1,102367448.0
BEL,2,134114035.0
BEL,3,37744163.0
BEL,4,966873654.0
BEL,5,909262265.0
BEL,6,14598551820.0
BEL,7,613283497.0
BEL,8,4506915.0
BEL,9,67450224.0
BEL,10,77486702.0
BEL,11,189550942.0
BEL,12,5383365.0
BEL,13,127624001.0
BEL,14,2270731499.0
BEL,15,792419187.0
BEL,16,2174410002.0
BEL,17,1490385589.0
BEL,18,198304093.0
BEL,19,38670114.0
BEL,20,101116725.0
BEL,21,2949614235.0
BEN,1,63248.0
BEN,2,12840665.0
BEN,3,3530.0
BEN,4,29379460.0
BEN,9,133525.0
BEN,10,4466.0
BEN,11,2793861.0
BEN,16,18230.0
BEN,19,3864.0
BEN,20,199429.0
BEN,21,3183126.0
BFA,2,3728112.0
BFA,3,100866.0
BFA,6,17867.0
BFA,8,260.0
BFA,10,5507.0
BFA,11,15141.0
BFA,12,1150.0
BFA,13,3520.0
BFA,14,2020.0
BFA,15,11556.0
BFA,16,193754.0
BFA,17,160301.0
BFA,20,5534.0
BFA,21,275078.0
BGD,1,20734374.0
BGD,2,5048943.0
BGD,3,231836.0
BGD,4,26185148.0
BGD,6,21777559.0
BGD,7,22740833.0
BGD,8,101322116.0
BGD,9,3282545.0
BGD,10,4790545.0
BGD,11,7259155659.0
BGD,12,693677396.0
BGD,13,6757747.0
BGD,14,661868.0
BGD,15,3892155.0
BGD,16,12674420.0
BGD,17,4341646.0
BGD,18,35843866.0
BGD,20,46786890.0
BGD,21,95860781.0
BGR,1,17732838.0
BGR,2,71480427.0
BGR,3,806950.0
BGR,4,62164757.0
BGR,5,89123049.0
BGR,6,135357339.0
BGR,7,26981823.0
BGR,8,3052992.0
BGR,9,1840302.0
BGR,10,5696192.0
BGR,11,83871984.0
BGR,12,3349302.0
BGR,13,24988796.0
BGR,14,73471869.0
BGR,15,221026406.0
BGR,16,356407864.0
BGR,17,37413181.0
BGR,18,174008228.0
BGR,19,7044374.0
BGR,20,55507053.0
BGR,21,38808429.0
BHR,1,8676411.0
BHR,4,271953.0
BHR,5,196398733.0
BHR,6,4207344.0
BHR,7,36818604.0
BHR,8,5692.0
BHR,9,5861.0
BHR,10,762062.0
BHR,11,53837764.0
BHR,12,3941432.0
BHR,13,22396870.0
BHR,14,50669695.0
BHR,15,773837324.0
BHR,16,2352929.0
BHR,17,278300.0
BHR,18,1517321.0
BHR,20,894116.0
BHR,21,47468511.0
BHS,1,102752321.0
BHS,4,345213.0
BHS,5,645989977.0
BHS,6,48675.0
BHS,7,54451020.0
BHS,8,4442.0
BHS,10,49940.0
BHS,11,29243.0
BHS,12,14171.0
BHS,13,10785.0
BHS,14,1548745.0
BHS,15,4214912.0
BHS,16,1361117.0
BHS,17,502355.0
BHS,18,488625.0
BHS,20,793254.0
BHS,21,979768224.0
BIH,1,148018.0
BIH,2,1572189.0
BIH,4,2507279.0
BIH,5,635645.0
BIH,6,11762470.0
BIH,7,1432199.0
BIH,8,426443.0
BIH,9,1162026.0
BIH,10,1026870.0
BIH,11,12798081.0
BIH,12,15906027.0
BIH,13,390493.0
BIH,14,90208.0
BIH,15,14230222.0
BIH,16,30526144.0
BIH,17,8252178.0
BIH,18,204647.0
BIH,19,51379283.0
BIH,20,20366516.0
BIH,21,4272646.0
BLR,1,1154143.0
BLR,2,2761846.0
BLR,3,679627.0
BLR,4,4078205.0
BLR,5,2665.0
BLR,6,404453.0
BLR,7,466276.0
BLR,8,45379.0
BLR,9,274778.0
BLR,10,1529428.0
BLR,11,2362031.0
BLR,13,15711.0
BLR,15,4154305.0
BLR,16,736486.0
BLR,17,3678.0
BLR,18,758423.0
BLR,20,108747.0
BLR,21,512792.0
BLZ,1,15159236.0
BLZ,2,2712695.0
BLZ,3,83486.0
BLZ,4,49823251.0
BLZ,5,4225.0
BLZ,6,1028415.0
BLZ,7,22919.0
BLZ,8,850.0
BLZ,9,1956440.0
BLZ,10,46450.0
BLZ,11,83738.0
BLZ,12,126793.0
BLZ,13,213119.0
BLZ,14,840012.0
BLZ,15,49299.0
BLZ,16,771698.0
BLZ,17,73375.0
BLZ,18,25635.0
BLZ,20,469242.0
BLZ,21,7637620.0
BMU,1,18000.0
BMU,4,723887.0
BMU,5,335000.0
BMU,6,145897.0
BMU,7,65636.0
BMU,8,46400.0
BMU,9,6000.0
BMU,11,27670.0
BMU,13,5645.0
BMU,14,788306.0
BMU,15,514379.0
BMU,16,508173.0
BMU,17,44044.0
BMU,18,298318.0
BMU,20,14035.0
BMU,21,19786878.0
BOL,1,4382139.0
BOL,2,84682720.0
BOL,3,5041.0
BOL,4,14235848.0
BOL,5,39436620.0
BOL,6,17555683.0
BOL,7,11953.0
BOL,8,479864.0
BOL,9,16530437.0
BOL,10,231509.0
BOL,11,967808.0
BOL,12,4365323.0
BOL,13,578319.0
BOL,14,18615357.0
BOL,15,275486962.0
BOL,16,3802010.0
BOL,17,77707.0
BOL,18,160280.0
BOL,20,7527835.0
BOL,21,15013280.0
BRA,1,1514499688.0
BRA,2,2342349228.0
BRA,3,432392853.0
BRA,4,3492328499.0
BRA,5,8981697225.0
BRA,6,2187476788.0
BRA,7,700182781.0
BRA,8,91553567.0
BRA,9,1555857964.0
BRA,10,2083175122.0
BRA,11,67056467.0
BRA,12,235887447.0
BRA,13,936468909.0
BRA,14,550702960.0
BRA,15,5881525101.0
BRA,16,4111631440.0
BRA,17,3147781157.0
BRA,18,392030804.0
BRA,19,315691969.0
BRA,20,327930360.0
BRA,21,2968103292.0
BRB,1,944889.0
BRB,2,373942.0
BRB,3,27748.0
BRB,4,24848699.0
BRB,5,36410.0
BRB,6,6100.0
BRB,7,57969.0
BRB,8,47775.0
BRB,9,9295.0
BRB,10,964633.0
BRB,11,829444.0
BRB,12,784646.0
BRB,13,39126.0
BRB,14,703767.0
BRB,15,1230727.0
BRB,16,1279047.0
BRB,17,2936.0
BRB,18,7384601.0
BRB,20,58167.0
BRB,21,8934718.0
BRN,4,52074.0
BRN,5,42489714.0
BRN,6,174177948.0
BRN,7,1814.0
BRN,8,9545.0
BRN,9,296881.0
BRN,10,82934.0
BRN,11,4356368.0
BRN,13,3030.0
BRN,15,5386736.0
BRN,16,1775723.0
BRN,17,66740.0
BRN,18,77578.0
BRN,20,14602.0
BRN,21,10057619.0
BTN,4,21849.0
BTN,7,3872.0
BTN,8,1600.0
BTN,10,6085.0
BTN,11,2582.0
BTN,12,27086.0
BTN,13,2595.0
BTN,14,26071.0
BTN,15,3018344.0
BTN,20,2500.0
BTN,21,168464.0
BWA,4,2500.0
BWA,7,6670.0
BWA,9,7040.0
BWA,10,23105.0
BWA,13,14777.0
BWA,14,402975813.0
BWA,16,235595.0
BWA,17,170694.0
BWA,18,4120.0
BWA,20,55733.0
BWA,21,1627627.0
CAF,1,3804.0
CAF,6,3283.0
CAF,7,108184.0
CAF,9,401831.0
CAF,11,8096.0
CAF,13,3794.0
CAF,14,283289.0
CAF,15,9026.0
CAF,16,115868.0
CAF,17,159246.0
CAF,21,325606.0
CAN,1,10293527152.0
CAN,2,8330219216.0
CAN,3,5077423933.0
CAN,4,21085361020.0
CAN,5,126770691583.0
CAN,6,24013977938.0
CAN,7,17156987184.0
CAN,8,129820097.0
CAN,9,11121335062.0
CAN,10,9450062953.0
CAN,11,1494462155.0
CAN,12,90856869.0
CAN,13,1837389712.0
CAN,14,10065233565.0
CAN,15,33110904113.0
CAN,16,41261732806.0
CAN,17,60395274564.0
CAN,18,4748210198.0
CAN,19,230230285.0
CAN,20,6756183290.0
CAN,21,19275836182.0
CCK,7,1433.0
CCK,8,5480.0
CCK,10,63365.0
CCK,11,18714.0
CCK,12,4543.0
CCK,14,4596.0
CCK,15,48768.0
CCK,16,266664.0
CCK,17,170786.0
CCK,18,2190.0
CCK,20,84165.0
CCK,21,429940.0
CHE,1,132691562.0
CHE,2,1186109166.0
CHE,3,2893560.0
CHE,4,512599522.0
CHE,5,11458521.0
CHE,6,24055716677.0
CHE,7,446574076.0
CHE,8,19309011.0
CHE,9,15562631.0
CHE,10,86279798.0
CHE,11,99975197.0
CHE,12,5781401.0
CHE,13,75524160.0
CHE,14,14963255084.0
CHE,15,549240663.0
CHE,16,5362591205.0
CHE,17,1070333321.0
CHE,18,10879497030.0
CHE,19,39220203.0
CHE,20,160017863.0
CHE,21,3750687951.0
CHL,1,3148893090.0
CHL,2,2453906277.0
CHL,3,77919250.0
CHL,4,658182477.0
CHL,5,307156797.0
CHL,6,722999455.0
CHL,7,386932216.0
CHL,8,235576.0
CHL,9,1046508222.0
CHL,10,91658211.0
CHL,11,23145880.0
CHL,12,58593.0
CHL,13,27571027.0
CHL,14,488447370.0
CHL,15,6394802451.0
CHL,16,146930885.0
CHL,17,55626524.0
CHL,18,5237215.0
CHL,19,132400.0
CHL,20,2567611.0
CHL,21,430568429.0
CHN,1,1458271232.0
CHN,2,1470274181.0
CHN,3,1254626514.0
CHN,4,2896069890.0
CHN,5,792806670.0
CHN,6,22929659786.0
CHN,7,21849485277.0
CHN,8,3012242781.0
CHN,9,2111054286.0
CHN,10,4897798786.0
CHN,11,28291461890.0
CHN,12,13335314239.0
CHN,13,5776088487.0
CHN,14,1736685019.0
CHN,15,25136396638.0
CHN,16,205975024354.0
CHN,17,18134970733.0
CHN,18,12859412019.0
CHN,19,175361993.0
CHN,20,53317231784.0
CHN,21,11537149586.0
CIV,1,100385.0
CIV,2,55987474.0
CIV,3,2453.0
CIV,4,760072284.0
CIV,6,3687153.0
CIV,7,175562947.0
CIV,8,13565.0
CIV,9,6282376.0
CIV,10,5577.0
CIV,11,105196.0
CIV,12,3602.0
CIV,13,17443.0
CIV,14,394983.0
CIV,15,74593.0
CIV,16,2328009.0
CIV,17,1800573.0
CIV,18,131363.0
CIV,20,116415.0
CIV,21,7990020.0
CMR,1,35521.0
CMR,2,534113.0
CMR,3,456772.0
CMR,4,59500362.0
CMR,5,132564558.0
CMR,6,432791.0
CMR,7,7098047.0
CMR,8,48575.0
CMR,9,34318197.0
CMR,10,32514.0
CMR,11,114991.0
CMR,12,124116.0
CMR,13,27275.0
CMR,14,118574.0
CMR,15,267089.0
CMR,16,2513659.0
CMR,17,392259.0
CMR,18,207544.0
CMR,20,3257168.0
CMR,21,6761155.0
COD,1,282188.0
COD,2,1327317.0
COD,3,36327.0
COD,4,10625600.0
COD,5,5500.0
COD,6,25809.0
COD,7,951237.0
COD,8,500.0
COD,9,5818160.0
COD,10,7650.0
COD,11,3950.0
COD,12,1700.0
COD,13,67798.0
COD,14,4270646.0
COD,15,296260076.0
COD,16,371739.0
COD,17,43756.0
COD,18,21799.0
COD,20,13025.0
COD,21,2965362.0
COG,1,51924.0
COG,2,736794.0
COG,6,3587.0
COG,7,5400.0
COG,8,4306.0
COG,9,22426527.0
COG,10,9983.0
COG,11,23390.0
COG,14,47482.0
COG,15,12912908.0
COG,16,196714.0
COG,18,187482.0
COG,21,3594324.0
COK,7,800.0
COK,10,8808.0
COK,11,15739.0
COK,13,2655.0
COK,14,18257.0
COK,15,3002.0
COK,16,85380.0
COK,18,45933.0
COK,21,711545.0
COL,1,161929847.0
COL,2,3458846651.0
COL,3,79413796.0
COL,4,684571008.0
COL,5,7538985375.0
COL,6,368004112.0
COL,7,299194041.0
COL,8,19023004.0
COL,9,11260619.0
COL,10,99696384.0
COL,11,318721902.0
COL,12,14948260.0
COL,13,123364743.0
COL,14,2171625436.0
COL,15,878372836.0
COL,16,510137495.0
COL,17,31048425.0
COL,18,19270032.0
COL,20,125043737.0
COL,21,776891260.0
COM,2,1384530.0
COM,6,355183.0
COM,7,2308.0
COM,11,72976.0
COM,13,7728.0
COM,15,5034.0
COM,20,8400.0
COM,21,12232.0
CPV,1,2052.0
CPV,2,36747.0
CPV,4,3034787.0
CPV,7,5094.0
CPV,9,15782.0
CPV,11,432.0
CPV,12,280.0
CPV,13,9316.0
CPV,15,32873.0
CPV,16,959500.0
CPV,18,5192.0
CPV,20,54797.0
CPV,21,326147.0
CRI,1,128107868.0
CRI,2,1712244286.0
CRI,3,139259.0
CRI,4,357689677.0
CRI,5,6031740.0
CRI,6,87569981.0
CRI,7,366985505.0
CRI,8,12889363.0
CRI,9,3077722.0
CRI,10,12592046.0
CRI,11,43624152.0
CRI,12,194777.0
CRI,13,28200888.0
CRI,14,120652016.0
CRI,15,84566895.0
CRI,16,1756083520.0
CRI,17,38258703.0
CRI,18,5772789336.0
CRI,19,6762.0
CRI,20,68224012.0
CRI,21,1034976823.0
CUB,7,9095.0
CUB,21,4860777.0
CUW,4,194080.0
CUW,5,9548021.0
CUW,6,135816.0
CUW,7,39994.0
CUW,14,3750021.0
CUW,15,1182591.0
CUW,16,5813753.0
CUW,17,23024.0
CUW,18,637504.0
CUW,20,3500.0
CUW,21,10607641.0
CXR,1,19835.0
CXR,10,10461.0
CXR,11,5317.0
CXR,12,1287.0
CXR,15,196903.0
CXR,16,667912.0
CXR,18,156652.0
CXR,20,615561.0
CXR,21,73314.0
CYM,2,121500.0
CYM,4,344431.0
CYM,5,7888.0
CYM,6,23600.0
CYM,7,7176.0
CYM,8,7326.0
CYM,9,2284.0
CYM,10,61489.0
CYM,11,5750.0
CYM,13,3500.0
CYM,14,697277.0
CYM,15,2583962.0
CYM,16,32040059.0
CYM,17,13802.0
CYM,18,750406.0
CYM,20,32283.0
CYM,21,12696817.0
CYP,1,11808014.0
CYP,2,993992.0
CYP,3,901044.0
CYP,4,3444593.0
CYP,5,2143916.0
CYP,6,1262006.0
CYP,7,712355.0
CYP,8,14670.0
CYP,10,304712.0
CYP,11,40248.0
CYP,13,17439.0
CYP,14,158961.0
CYP,15,911880.0
CYP,16,26429327.0
CYP,17,335946.0
CYP,18,681880.0
CYP,19,122984.0
CYP,20,837405.0
CYP,21,7738937.0
CZE,1,4321148.0
CZE,2,19053645.0
CZE,3,3024118.0
CZE,4,54816575.0
CZE,5,19308270.0
CZE,6,430784025.0
CZE,7,571842917.0
CZE,8,1720989.0
CZE,9,46152769.0
CZE,10,51772040.0
CZE,11,93683220.0
CZE,12,10689378.0
CZE,13,112836542.0
CZE,14,6631760.0
CZE,15,458313446.0
CZE,16,4064212444.0
CZE,17,423760737.0
CZE,18,752727697.0
CZE,19,149746541.0
CZE,20,399525575.0
CZE,21,406984503.0
DEU,1,431485451.0
DEU,2,604643402.0
DEU,3,98576008.0
DEU,4,1572162423.0
DEU,5,518822424.0
DEU,6,26842470792.0
DEU,7,4797268202.0
DEU,8,73454375.0
DEU,9,754482186.0
DEU,10,1095078626.0
DEU,11,725629735.0
DEU,12,397824199.0
DEU,13,1290882609.0
DEU,14,1658809132.0
DEU,15,7622310222.0
DEU,16,45340127739.0
DEU,17,40076868229.0
DEU,18,13598056264.0
DEU,19,308642204.0
DEU,20,1302153292.0
DEU,21,11326800414.0
DJI,1,156778.0
DJI,2,868898.0
DJI,7,17147.0
DJI,8,54071.0
DJI,14,33067.0
DJI,16,493056.0
DJI,17,3218.0
DJI,18,4595.0
DJI,19,17623.0
DJI,20,2250.0
DJI,21,38460547.0
DMA,1,4973.0
DMA,2,35007.0
DMA,4,112323.0
DMA,6,288495.0
DMA,7,3744.0
DMA,9,4381.0
DMA,11,24957.0
DMA,12,350.0
DMA,13,6519.0
DMA,14,477449.0
DMA,15,28893.0
DMA,16,155026.0
DMA,18,431398.0
DMA,20,11817.0
DMA,21,720863.0
DNK,1,346126544.0
DNK,2,110606122.0
DNK,3,19731683.0
DNK,4,302881979.0
DNK,5,90501822.0
DNK,6,3779419911.0
DNK,7,167149739.0
DNK,8,4910540.0
DNK,9,11671018.0
DNK,10,31740994.0
DNK,11,40185048.0
DNK,12,2596268.0
DNK,13,26548938.0
DNK,14,3822393.0
DNK,15,405971708.0
DNK,16,2225863506.0
DNK,17,224862427.0
DNK,18,1609496549.0
DNK,19,47580444.0
DNK,20,161380559.0
DNK,21,427374032.0
DOM,1,5673803.0
DOM,2,213171953.0
DOM,3,6864849.0
DOM,4,1626712303.0
DOM,5,14659309.0
DOM,6,212688306.0
DOM,7,298630244.0
DOM,8,26335747.0
DOM,9,1992579.0
DOM,10,74839159.0
DOM,11,732044441.0
DOM,12,137438208.0
DOM,13,9938176.0
DOM,14,509281412.0
DOM,15,238448357.0
DOM,16,1195451417.0
DOM,17,29262573.0
DOM,18,1725246690.0
DOM,20,126536633.0
DOM,21,320214679.0
DZA,2,14511895.0
DZA,3,199178.0
DZA,4,425763.0
DZA,5,2098347431.0
DZA,6,234782594.0
DZA,7,1996042.0
DZA,8,10887.0
DZA,10,51017.0
DZA,11,3274.0
DZA,13,1163873.0
DZA,14,6002770.0
DZA,15,76789611.0
DZA,16,803656.0
DZA,17,18429.0
DZA,18,95489.0
DZA,20,17539.0
DZA,21,26391694.0
ECU,1,1362107209.0
ECU,2,1408728028.0
ECU,3,16271887.0
ECU,4,930929363.0
ECU,5,3609307192.0
ECU,6,4964619.0
ECU,7,67453415.0
ECU,8,605723.0
ECU,9,112664562.0
ECU,10,12461719.0
ECU,11,6718739.0
ECU,12,3584854.0
ECU,13,11459648.0
ECU,14,440849185.0
ECU,15,83920141.0
ECU,16,84939592.0
ECU,17,515917.0
ECU,18,1187501.0
ECU,20,9065653.0
ECU,21,356571316.0
EGY,1,15020280.0
EGY,2,212527132.0
EGY,3,3357637.0
EGY,4,205746384.0
EGY,5,93033559.0
EGY,6,216790738.0
EGY,7,71915049.0
EGY,8,300064.0
EGY,9,1598469.0
EGY,10,11486543.0
EGY,11,1350172984.0
EGY,12,951230.0
EGY,13,60344671.0
EGY,14,248107.0
EGY,15,180223620.0
EGY,16,32005090.0
EGY,17,1195349.0
EGY,18,3370769.0
EGY,19,7084.0
EGY,20,12180207.0
EGY,21,73525175.0
ERI,4,134386.0
ERI,6,32733.0
ERI,7,264.0
ERI,10,5219.0
ERI,11,31349.0
ERI,12,814.0
ERI,14,2116.0
ERI,15,110538.0
ERI,16,370438.0
ERI,17,11143.0
ERI,18,4039.0
ERI,21,149879.0
ESP,1,545915341.0
ESP,2,499857117.0
ESP,3,1380897203.0
ESP,4,1527405687.0
ESP,5,1207442489.0
ESP,6,4853292861.0
ESP,7,792449405.0
ESP,8,222987218.0
ESP,9,154141420.0
ESP,10,305875999.0
ESP,11,138982259.0
ESP,12,218517782.0
ESP,13,949364786.0
ESP,14,156578824.0
ESP,15,1344147381.0
ESP,16,4210842737.0
ESP,17,839540115.0
ESP,18,431598505.0
ESP,19,131292761.0
ESP,20,408983944.0
ESP,21,958627408.0
EST,1,6314234.0
EST,2,2374698.0
EST,3,11604.0
EST,4,16066502.0
EST,5,7426781.0
EST,6,72493118.0
EST,7,9181361.0
EST,8,165295.0
EST,9,65894865.0
EST,10,952021.0
EST,11,8421917.0
EST,12,420887.0
EST,13,965050.0
EST,14,212539.0
EST,15,32230931.0
EST,16,515358627.0
EST,17,10079651.0
EST,18,216641128.0
EST,19,74827.0
EST,20,82219821.0
EST,21,17898123.0
ETH,2,182344184.0
ETH,3,707890.0
ETH,4,31292874.0
ETH,5,150138.0
ETH,6,79030.0
ETH,7,289984.0
ETH,8,3303591.0
ETH,9,38355.0
ETH,10,31459.0
ETH,11,160410541.0
ETH,12,2062476.0
ETH,13,2078731.0
ETH,14,1874829.0
ETH,15,10409.0
ETH,16,909482.0
ETH,18,35524.0
ETH,19,8500.0
ETH,20,4133.0
ETH,21,80212205.0
FIN,1,17493441.0
FIN,2,3717099.0
FIN,3,443253.0
FIN,4,13025690.0
FIN,5,800861363.0
FIN,6,1967423286.0
FIN,7,153302333.0
FIN,8,2262996.0
FIN,9,100090722.0
FIN,10,1163339433.0
FIN,11,36067216.0
FIN,12,480108.0
FIN,13,49081977.0
FIN,14,520215.0
FIN,15,521084332.0
FIN,16,1965509540.0
FIN,17,406278590.0
FIN,18,572717806.0
FIN,19,43721764.0
FIN,20,84887426.0
FIN,21,127208120.0
FJI,1,8958409.0
FJI,2,26149918.0
FJI,3,81856.0
FJI,4,208018483.0
FJI,6,1561852.0
FJI,7,14271.0
FJI,8,52924.0
FJI,9,6909297.0
FJI,10,30098.0
FJI,11,375612.0
FJI,12,715.0
FJI,14,584880.0
FJI,15,132725.0
FJI,16,171526.0
FJI,17,131896.0
FJI,18,224744.0
FJI,20,218428.0
FJI,21,5654839.0
FLK,1,19743512.0
FLK,7,3262.0
FLK,14,4518.0
FLK,16,2458265.0
FLK,18,2580.0
FLK,20,3764.0
FLK,21,540760.0
FRA,1,392245217.0
FRA,2,338140709.0
FRA,3,86460827.0
FRA,4,5951260970.0
FRA,5,951415148.0
FRA,6,12219622634.0
FRA,7,1537801628.0
FRA,8,1390434455.0
FRA,9,306139713.0
FRA,10,341005930.0
FRA,11,528263591.0
FRA,12,37429722.0
FRA,13,472937696.0
FRA,14,2049730712.0
FRA,15,2026177195.0
FRA,16,13582781378.0
FRA,17,7751173813.0
FRA,18,2831902357.0
FRA,19,31065845.0
FRA,20,552367226.0
FRA,21,6524911185.0
FRO,1,248111527.0
FRO,4,46570.0
FRO,7,295824.0
FRO,8,1658.0
FRO,10,51585.0
FRO,11,11282.0
FRO,16,213072.0
FRO,17,41500.0
FRO,18,128194.0
FRO,20,63467.0
FRO,21,487853.0
FSM,1,166169.0
FSM,2,47125.0
FSM,4,18298.0
FSM,6,138660.0
FSM,7,187049.0
FSM,8,9568.0
FSM,9,9867.0
FSM,10,8343.0
FSM,11,90598.0
FSM,12,4484.0
FSM,13,34176.0
FSM,15,52396.0
FSM,16,169537.0
FSM,18,911621.0
FSM,20,82092.0
FSM,21,510107.0
GAB,4,64214.0
GAB,5,141207209.0
GAB,6,1338111.0
GAB,7,284.0
GAB,8,3129.0
GAB,9,21117671.0
GAB,10,17553.0
GAB,11,4107.0
GAB,13,7844.0
GAB,14,18335.0
GAB,15,331468.0
GAB,16,1236136.0
GAB,17,16088.0
GAB,18,35241.0
GAB,20,76069.0
GAB,21,6193395.0
GBR,1,448340604.0
GBR,2,95438922.0
GBR,3,127058476.0
GBR,4,2415296072.0
GBR,5,3265217991.0
GBR,6,12008556922.0
GBR,7,1309959979.0
GBR,8,56422805.0
GBR,9,22075945.0
GBR,10,714771521.0
GBR,11,465951696.0
GBR,12,52645315.0
GBR,13,321715772.0
GBR,14,1212560943.0
GBR,15,2300975110.0
GBR,16,16485195294.0
GBR,17,14222848016.0
GBR,18,3631174021.0
GBR,19,380704380.0
GBR,20,1181342505.0
GBR,21,7366216043.0
GEO,1,380998.0
GEO,2,887823.0
GEO,3,4320.0
GEO,4,18132924.0
GEO,5,8008750.0
GEO,6,8028726.0
GEO,7,1737044.0
GEO,8,164792.0
GEO,9,1934939.0
GEO,10,313268.0
GEO,11,5528248.0
GEO,12,235829.0
GEO,13,369391.0
GEO,14,113485.0
GEO,15,99117574.0
GEO,16,5091192.0
GEO,17,7097600.0
GEO,18,651390.0
GEO,20,476896.0
GEO,21,7138982.0
GHA,1,989536.0
GHA,2,41264558.0
GHA,3,7606760.0
GHA,4,221698003.0
GHA,5,752807947.0
GHA,6,4335342.0
GHA,7,28977021.0
GHA,8,90834.0
GHA,9,16714838.0
GHA,10,50621.0
GHA,11,40698078.0
GHA,12,605217.0
GHA,13,525493.0
GHA,14,1282547.0
GHA,15,32404086.0
GHA,16,557004.0
GHA,17,394415.0
GHA,18,181143.0
GHA,20,39162.0
GHA,21,20505881.0
GIB,8,350.0
GIB,10,2656.0
GIB,11,4043.0
GIB,12,9840.0
GIB,16,44615.0
GIB,17,145268.0
GIB,20,1735.0
GIB,21,222672.0
GIN,1,331020.0
GIN,2,276625.0
GIN,3,176237.0
GIN,4,1083558.0
GIN,6,2557.0
GIN,7,2033257.0
GIN,8,7830.0
GIN,10,25026.0
GIN,11,27107.0
GIN,12,2509.0
GIN,14,232039.0
GIN,15,207877.0
GIN,16,192322.0
GIN,17,639826.0
GIN,18,84966.0
GIN,19,60392.0
GIN,20,15421.0
GIN,21,781266.0
GLP,4,60208.0
GLP,6,2823.0
GLP,7,6872.0
GLP,8,44156.0
GLP,10,50088.0
GLP,11,44091.0
GLP,12,4769.0
GLP,13,6340.0
GLP,14,56695.0
GLP,15,472343.0
GLP,16,777308.0
GLP,17,6976.0
GLP,18,124689.0
GLP,20,90210.0
GLP,21,1680093.0
GMB,1,563189.0
GMB,2,59966.0
GMB,3,82076.0
GMB,4,9490.0
GMB,5,972134.0
GMB,6,69920.0
GMB,7,425.0
GMB,10,2222.0
GMB,11,2586.0
GMB,14,32500.0
GMB,15,9217.0
GMB,16,28967.0
GMB,18,79281.0
GMB,21,57924.0
GNB,8,5340.0
GNB,11,18895.0
GNB,16,2786.0
GNB,18,76797.0
GNB,20,8346.0
GNB,21,10684.0
GNQ,5,122837811.0
GNQ,12,648.0
GNQ,16,192542.0
GNQ,17,80000.0
GNQ,18,10000.0
GNQ,21,4519787.0
GRC,1,169072289.0
GRC,2,65476947.0
GRC,3,86300167.0
GRC,4,550417527.0
GRC,5,209963656.0
GRC,6,155910667.0
GRC,7,56968180.0
GRC,8,9043367.0
GRC,9,2519870.0
GRC,10,9990879.0
GRC,11,28630503.0
GRC,12,1711199.0
GRC,13,37717876.0
GRC,14,8413163.0
GRC,15,418864142.0
GRC,16,191145954.0
GRC,17,38910926.0
GRC,18,43095771.0
GRC,19,4130349.0
GRC,20,20126572.0
GRC,21,135200288.0
GRD,1,7022079.0
GRD,2,3709604.0
GRD,4,14872.0
GRD,6,2109.0
GRD,7,31848.0
GRD,8,11498.0
GRD,11,5984.0
GRD,12,1435.0
GRD,14,443719.0
GRD,15,1538920.0
GRD,16,111846.0
GRD,18,41294.0
GRD,20,400.0
GRD,21,1139210.0
GRL,1,30484198.0
GRL,4,871318.0
GRL,6,76309.0
GRL,7,26711.0
GRL,8,2430.0
GRL,14,32327.0
GRL,16,75713.0
GRL,17,5832.0
GRL,18,28270.0
GRL,20,3355.0
GRL,21,979018.0
GTM,1,10386197.0
GTM,2,2334844120.0
GTM,3,7271289.0
GTM,4,536547781.0
GTM,5,74358496.0
GTM,6,25753661.0
GTM,7,76167515.0
GTM,8,34209296.0
GTM,9,29030843.0
GTM,10,3292542.0
GTM,11,1623191368.0
GTM,12,41251537.0
GTM,13,1498395.0
GTM,14,12991013.0
GTM,15,46303821.0
GTM,16,66591506.0
GTM,17,714593.0
GTM,18,7749568.0
GTM,20,28195431.0
GTM,21,59543440.0
GUF,1,1535137.0
GUF,7,5585.0
GUF,11,613.0
GUF,15,190079.0
GUF,16,41650.0
GUF,18,13414.0
GUF,21,34651.0
GUY,1,19278584.0
GUY,2,978336.0
GUY,3,271189.0
GUY,4,25120552.0
GUY,5,5228251666.0
GUY,6,1242501.0
GUY,7,81536.0
GUY,8,3632.0
GUY,9,7367169.0
GUY,10,19618.0
GUY,11,1169.0
GUY,14,16207625.0
GUY,15,982051.0
GUY,16,2035284.0
GUY,17,340228.0
GUY,18,537869.0
GUY,20,105712.0
GUY,21,72663939.0
HKG,1,12386663.0
HKG,2,18653974.0
HKG,3,2073586.0
HKG,4,95389466.0
HKG,5,5049531.0
HKG,6,35264498.0
HKG,7,38675098.0
HKG,8,6795003.0
HKG,9,1869463.0
HKG,10,34161598.0
HKG,11,78570234.0
HKG,12,12656761.0
HKG,13,7375140.0
HKG,14,2318348277.0
HKG,15,38678002.0
HKG,16,354190590.0
HKG,17,17502788.0
HKG,18,51306454.0
HKG,19,2810270.0
HKG,20,115119794.0
HKG,21,2726023264.0
HMD,16,11149.0
HMD,21,2440.0
HND,1,100624521.0
HND,2,893655562.0
HND,3,2850841.0
HND,4,372612663.0
HND,5,25858075.0
HND,6,2752420.0
HND,7,63032424.0
HND,8,2026923.0
HND,9,11811221.0
HND,10,9141404.0
HND,11,2470301741.0
HND,12,387924.0
HND,13,7781557.0
HND,14,238282807.0
HND,15,71735127.0
HND,16,1100178526.0
HND,17,46979807.0
HND,18,1176966.0
HND,20,49627840.0
HND,21,61743372.0
HRV,1,2455655.0
HRV,2,4799650.0
HRV,3,793388.0
HRV,4,87026381.0
HRV,5,9706807.0
HRV,6,366162982.0
HRV,7,14284500.0
HRV,8,232782.0
HRV,9,5062407.0
HRV,10,932311.0
HRV,11,6867417.0
HRV,12,12445708.0
HRV,13,3115505.0
HRV,14,46838.0
HRV,15,14743349.0
HRV,16,314537492.0
HRV,17,17282324.0
HRV,18,10984171.0
HRV,19,103979305.0
HRV,20,11446502.0
HRV,21,13965363.0
HTI,1,304746.0
HTI,2,1863353.0
HTI,3,987339.0
HTI,4,7955882.0
HTI,5,38456.0
HTI,6,5890567.0
HTI,7,396106.0
HTI,8,247275.0
HTI,9,34131.0
HTI,10,239427.0
HTI,11,567124733.0
HTI,12,20098782.0
HTI,13,41910.0
HTI,14,161491.0
HTI,15,1350039.0
HTI,16,1347062.0
HTI,18,14749.0
HTI,20,4043361.0
HTI,21,4631376.0
HUN,1,35818540.0
HUN,2,15619463.0
HUN,3,22739686.0
HUN,4,12460276.0
HUN,5,854740.0
HUN,6,4644437707.0
HUN,7,245880061.0
HUN,8,8237875.0
HUN,9,6294925.0
HUN,10,24199689.0
HUN,11,54440861.0
HUN,12,27239280.0
HUN,13,70247014.0
HUN,14,11967801.0
HUN,15,167307867.0
HUN,16,4307241444.0
HUN,17,2109005584.0
HUN,18,385835611.0
HUN,19,28415759.0
HUN,20,120110290.0
HUN,21,405576982.0
IDN,1,1119058178.0
IDN,2,479309491.0
IDN,3,2068448072.0
IDN,4,1860018170.0
IDN,5,52653311.0
IDN,6,1114199185.0
IDN,7,2053110511.0
IDN,8,862862169.0
IDN,9,746546680.0
IDN,10,503893568.0
IDN,11,4524657373.0
IDN,12,2792259730.0
IDN,13,150810592.0
IDN,14,173600786.0
IDN,15,574914842.0
IDN,16,5901147023.0
IDN,17,331378766.0
IDN,18,453524215.0
IDN,19,175112.0
IDN,20,2088849194.0
IDN,21,233320916.0
IND,1,2080844811.0
IND,2,1907408955.0
IND,3,186646968.0
IND,4,1528239365.0
IND,5,3109286205.0
IND,6,17948198760.0
IND,7,2258613031.0
IND,8,726305758.0
IND,9,313887742.0
IND,10,573953051.0
IND,11,10212070371.0
IND,12,470354221.0
IND,13,1516649367.0
IND,14,11580430842.0
IND,15,5035983207.0
IND,16,20873049264.0
IND,17,3017618165.0
IND,18,845323649.0
IND,19,66953890.0
IND,20,1701521052.0
IND,21,1463109904.0
IOT,1,110377.0
IOT,7,1323.0
IOT,10,14422.0
IOT,12,680.0
IOT,14,35519.0
IOT,15,8503.0
IOT,16,277647.0
IOT,17,7569.0
IOT,21,6451.0
IRL,1,810171711.0
IRL,2,13423733.0
IRL,3,52012804.0
IRL,4,904595135.0
IRL,5,55505454.0
IRL,6,80566640974.0
IRL,7,322244074.0
IRL,8,701043.0
IRL,9,11160667.0
IRL,10,23399672.0
IRL,11,31780205.0
IRL,12,711724.0
IRL,13,20360519.0
IRL,14,58400016.0
IRL,15,59127359.0
IRL,16,3969564931.0
IRL,17,36992413.0
IRL,18,8853186522.0
IRL,19,2998007.0
IRL,20,35862769.0
IRL,21,7457413692.0
IRN,2,26356.0
IRN,4,1134105.0
IRN,6,5729.0
IRN,7,504.0
IRN,10,356716.0
IRN,11,1561.0
IRN,21,4693520.0
IRQ,2,228925.0
IRQ,3,56380.0
IRQ,4,1535138.0
IRQ,5,7376279085.0
IRQ,6,22101.0
IRQ,7,1025.0
IRQ,10,13598353.0
IRQ,11,51560.0
IRQ,12,1220.0
IRQ,13,6774.0
IRQ,14,8550.0
IRQ,15,26325.0
IRQ,16,754985.0
IRQ,18,68097.0
IRQ,20,900.0
IRQ,21,29635963.0
ISL,1,332961996.0
ISL,2,3237460.0
ISL,3,26631616.0
ISL,4,50214918.0
ISL,5,3925089.0
ISL,6,302313433.0
ISL,7,8882472.0
ISL,8,40373.0
ISL,9,20963.0
ISL,10,415000.0
ISL,11,502302.0
ISL,12,13472.0
ISL,13,159639.0
ISL,14,166228.0
ISL,15,32129703.0
ISL,16,25144185.0
ISL,17,529999.0
ISL,18,264558883.0
ISL,20,1193330.0
ISL,21,19585776.0
ISR,1,16712516.0
ISR,2,137929471.0
ISR,3,46390617.0
ISR,4,320787419.0
ISR,5,230412169.0
ISR,6,3122735985.0
ISR,7,701562704.0
ISR,8,5805820.0
ISR,9,3682379.0
ISR,10,76091910.0
ISR,11,281260052.0
ISR,12,28586314.0
ISR,13,49109368.0
ISR,14,4308556352.0
ISR,15,593836720.0
ISR,16,8368925427.0
ISR,17,457634229.0
ISR,18,2181794563.0
ISR,19,101690004.0
ISR,20,126964618.0
ISR,21,1063219973.0
ITA,1,746315225.0
ITA,2,476641713.0
ITA,3,1174380322.0
ITA,4,6206320808.0
ITA,5,1025782257.0
ITA,6,15680905358.0
ITA,7,1379437385.0
ITA,8,1855355146.0
ITA,9,174810517.0
ITA,10,456963697.0
ITA,11,2685092618.0
ITA,12,1999411721.0
ITA,13,1657861139.0
ITA,14,2381389493.0
ITA,15,3215954001.0
ITA,16,17868111866.0
ITA,17,7047711757.0
ITA,18,2538665781.0
ITA,19,465204306.0
ITA,20,2242728675.0
ITA,21,5087444406.0
JAM,1,14017562.0
JAM,2,56702997.0
JAM,3,790551.0
JAM,4,129257299.0
JAM,5,68136206.0
JAM,6,59877228.0
JAM,7,1365450.0
JAM,8,4597.0
JAM,9,108557.0
JAM,10,30133.0
JAM,11,339488.0
JAM,12,3978.0
JAM,13,3000.0
JAM,14,4181492.0
JAM,15,2449474.0
JAM,16,2176834.0
JAM,17,50206.0
JAM,18,357739.0
JAM,20,162954.0
JAM,21,21356834.0
JOR,1,1556044.0
JOR,2,8004452.0
JOR,3,2095198.0
JOR,4,36753066.0
JOR,5,66212.0
JOR,6,262130929.0
JOR,7,2127245.0
JOR,8,176302.0
JOR,9,88168.0
JOR,10,1469718.0
JOR,11,1881486520.0
JOR,12,178668.0
JOR,13,224719.0
JOR,14,944096643.0
JOR,15,9441939.0
JOR,16,121460955.0
JOR,17,7835073.0
JOR,18,674309.0
JOR,19,1111302.0
JOR,20,4351110.0
JOR,21,79548721.0
JPN,1,513062469.0
JPN,2,173698327.0
JPN,3,69162466.0
JPN,4,776513649.0
JPN,5,585766839.0
JPN,6,14614513599.0
JPN,7,4935665307.0
JPN,8,19444623.0
JPN,9,37367244.0
JPN,10,237546967.0
JPN,11,683026617.0
JPN,12,40047772.0
JPN,13,1051604147.0
JPN,14,292483111.0
JPN,15,5178346920.0
JPN,16,53995333710.0
JPN,17,51869529781.0
JPN,18,7690750063.0
JPN,19,151364547.0
JPN,20,1050482931.0
JPN,21,4242855534.0
KAZ,1,9467278.0
KAZ,2,7845507.0
KAZ,4,63002.0
KAZ,5,1310543886.0
KAZ,6,352437893.0
KAZ,7,2116217.0
KAZ,8,5749.0
KAZ,9,2694130.0
KAZ,10,378763.0
KAZ,11,330839.0
KAZ,12,175170.0
KAZ,13,455799.0
KAZ,14,303527457.0
KAZ,15,301468755.0
KAZ,16,2863329.0
KAZ,17,3407855.0
KAZ,18,4274182.0
KAZ,20,2515010.0
KAZ,21,26178599.0
KEN,1,3203236.0
KEN,2,100507765.0
KEN,3,5726690.0
KEN,4,9774987.0
KEN,5,16439730.0
KEN,6,9231197.0
KEN,7,192333.0
KEN,8,415457.0
KEN,9,369559.0
KEN,10,95488.0
KEN,11,533871699.0
KEN,12,3052427.0
KEN,13,294271.0
KEN,14,2248289.0
KEN,15,4216991.0
KEN,16,2995191.0
KEN,17,191270.0
KEN,18,1478008.0
KEN,20,5980355.0
KEN,21,37020185.0
KGZ,1,280187.0
KGZ,2,263488.0
KGZ,3,5488.0
KGZ,4,896856.0
KGZ,6,430098.0
KGZ,7,58732.0
KGZ,8,216556.0
KGZ,9,14291.0
KGZ,10,111751.0
KGZ,11,131734.0
KGZ,12,614390.0
KGZ,14,24468.0
KGZ,15,132966.0
KGZ,16,6063360.0
KGZ,17,3985803.0
KGZ,18,59090.0
KGZ,19,1646590.0
KGZ,20,1280849.0
KGZ,21,451673.0
KHM,1,32850963.0
KHM,2,11784756.0
KHM,4,93406509.0
KHM,5,67412.0
KHM,6,31408917.0
KHM,7,1170443372.0
KHM,8,1914077497.0
KHM,9,377868600.0
KHM,10,106678632.0
KHM,11,4025351988.0
KHM,12,951170840.0
KHM,13,34042078.0
KHM,14,42813794.0
KHM,15,114176451.0
KHM,16,1721124107.0
KHM,17,224963484.0
KHM,18,23936158.0
KHM,19,375785.0
KHM,20,1717674856.0
KHM,21,67590616.0
KIR,1,624181.0
KIR,2,40610.0
KIR,11,21570.0
KIR,16,36364.0
KIR,17,2856.0
KIR,20,16851.0
KIR,21,65730.0
KNA,1,259345.0
KNA,4,834288.0
KNA,7,115553.0
KNA,8,389.0
KNA,10,42770.0
KNA,11,48141.0
KNA,14,693201.0
KNA,15,209593.0
KNA,16,7060128.0
KNA,18,5372143.0
KNA,20,356214.0
KNA,21,4637477.0
KOR,1,167209677.0
KOR,2,165892065.0
KOR,3,113971106.0
KOR,4,1422499226.0
KOR,5,4888493036.0
KOR,6,11126795026.0
KOR,7,5665516935.0
KOR,8,38904473.0
KOR,9,12364488.0
KOR,10,770586881.0
KOR,11,1180727496.0
KOR,12,56178744.0
KOR,13,504111241.0
KOR,14,1012882307.0
KOR,15,8044762170.0
KOR,16,46156351069.0
KOR,17,45004766339.0
KOR,18,2137410038.0
KOR,19,89534043.0
KOR,20,858129084.0
KOR,21,2132101676.0
KWT,1,1076586.0
KWT,2,25645.0
KWT,4,319362.0
KWT,5,1589914811.0
KWT,6,1491128.0
KWT,7,213262.0
KWT,8,11004.0
KWT,10,55280.0
KWT,11,54182.0
KWT,12,6685.0
KWT,14,111435.0
KWT,15,4365428.0
KWT,16,1603003.0
KWT,17,3500.0
KWT,18,213249.0
KWT,20,8250.0
KWT,21,44132940.0
LAO,1,54360.0
LAO,2,360079.0
LAO,4,331842.0
LAO,5,21267285.0
LAO,6,18703916.0
LAO,7,2798562.0
LAO,8,105579.0
LAO,9,569822.0
LAO,10,171062.0
LAO,11,23191476.0
LAO,12,51955333.0
LAO,13,7575.0
LAO,14,5672242.0
LAO,15,59618.0
LAO,16,452408683.0
LAO,17,74200.0
LAO,18,140929290.0
LAO,20,80114216.0
LAO,21,4545015.0
LBN,1,184459.0
LBN,2,7758371.0
LBN,3,17421230.0
LBN,4,42089197.0
LBN,5,3000.0
LBN,6,64931658.0
LBN,7,636975.0
LBN,8,417291.0
LBN,9,1023185.0
LBN,10,1582380.0
LBN,11,12134214.0
LBN,12,51044.0
LBN,13,2739656.0
LBN,14,72246305.0
LBN,15,2809917.0
LBN,16,9254914.0
LBN,17,293332.0
LBN,18,8139908.0
LBN,19,493342.0
LBN,20,5211887.0
LBN,21,8149722.0
LBR,2,3417.0
LBR,3,768524.0
LBR,4,35707.0
LBR,5,2400.0
LBR,7,61902766.0
LBR,9,9579.0
LBR,10,121663.0
LBR,11,282853.0
LBR,14,7695252.0
LBR,15,10080.0
LBR,16,79775.0
LBR,18,249080.0
LBR,21,1368473.0
LBY,1,4963.0
LBY,2,322086.0
LBY,5,1463648457.0
LBY,6,111897.0
LBY,10,4000.0
LBY,11,1820.0
LBY,16,8823.0
LBY,17,5073.0
LBY,18,26862.0
LBY,20,7625.0
LBY,21,1420952.0
LCA,1,4560.0
LCA,2,1488056.0
LCA,4,861033.0
LCA,5,4500.0
LCA,6,4721.0
LCA,7,2534.0
LCA,11,2000.0
LCA,14,585588.0
LCA,15,1361024.0
LCA,16,512619.0
LCA,17,18773.0
LCA,18,23984.0
LCA,20,2572.0
LCA,21,2083956.0
LIE,5,55425.0
LIE,6,87615812.0
LIE,7,889436.0
LIE,8,2274.0
LIE,9,30623.0
LIE,10,34904.0
LIE,11,833808.0
LIE,12,1147.0
LIE,13,8352958.0
LIE,14,27842.0
LIE,15,69365350.0
LIE,16,22024169.0
LIE,17,11567859.0
LIE,18,33313416.0
LIE,20,2961884.0
LIE,21,6643613.0
LKA,1,31450769.0
LKA,2,107291123.0
LKA,3,34912899.0
LKA,4,83635110.0
LKA,5,1157287.0
LKA,6,63009180.0
LKA,7,338918290.0
LKA,8,3487202.0
LKA,9,1400399.0
LKA,10,13040512.0
LKA,11,1758343071.0
LKA,12,6610601.0
LKA,13,15927018.0
LKA,14,243796369.0
LKA,15,56675052.0
LKA,16,122416586.0
LKA,17,17369537.0
LKA,18,40867541.0
LKA,20,50932550.0
LKA,21,24344366.0
LSO,1,792639.0
LSO,2,33415.0
LSO,7,315.0
LSO,10,6304.0
LSO,11,151445947.0
LSO,12,2400.0
LSO,14,82855436.0
LSO,16,1086580.0
LSO,21,1034649.0
LTU,1,17244785.0
LTU,2,39350440.0
LTU,3,922642.0
LTU,4,25633291.0
LTU,5,502591458.0
LTU,6,609864400.0
LTU,7,60846012.0
LTU,8,201946.0
LTU,9,28183823.0
LTU,10,11788693.0
LTU,11,24180350.0
LTU,12,174483.0
LTU,13,6334077.0
LTU,14,1720644.0
LTU,15,81573609.0
LTU,16,173511434.0
LTU,17,9712311.0
LTU,18,153282630.0
LTU,19,4371138.0
LTU,20,210052959.0
LTU,21,50023067.0
LUX,1,294707.0
LUX,2,3412.0
LUX,4,4122625.0
LUX,6,26664152.0
LUX,7,44119378.0
LUX,8,35474.0
LUX,9,4778383.0
LUX,10,760636.0
LUX,11,59648559.0
LUX,12,4742.0
LUX,13,4869003.0
LUX,14,318863.0
LUX,15,277083404.0
LUX,16,81642245.0
LUX,17,31101752.0
LUX,18,12326967.0
LUX,20,622936.0
LUX,21,150228738.0
LVA,1,15100930.0
LVA,2,1787608.0
LVA,3,11180.0
LVA,4,99063399.0
LVA,5,17107039.0
LVA,6,5318648.0
LVA,7,1356171.0
LVA,8,84900.0
LVA,9,151035077.0
LVA,10,2978955.0
LVA,11,9923357.0
LVA,12,468028.0
LVA,13,27775503.0
LVA,14,120337.0
LVA,15,17191908.0
LVA,16,137054362.0
LVA,17,8561848.0
LVA,18,77783767.0
LVA,19,2554963.0
LVA,20,28499820.0
LVA,21,26947005.0
MAC,1,64800.0
MAC,2,402718.0
MAC,3,48070.0
MAC,4,1546820.0
MAC,6,8171015.0
MAC,7,398293.0
MAC,8,442743.0
MAC,9,8161.0
MAC,10,97163.0
MAC,11,41756029.0
MAC,12,9951878.0
MAC,13,210262.0
MAC,14,222787.0
MAC,15,2025016.0
MAC,16,3313765.0
MAC,17,97495.0
MAC,18,713523.0
MAC,19,4606.0
MAC,20,8227324.0
MAC,21,31090193.0
MAR,1,11178049.0
MAR,2,204529171.0
MAR,3,41928612.0
MAR,4,139730807.0
MAR,5,43890323.0
MAR,6,240339307.0
MAR,7,19518283.0
MAR,8,4076563.0
MAR,9,1664843.0
MAR,10,3368569.0
MAR,11,277404521.0
MAR,12,9088237.0
MAR,13,45018341.0
MAR,14,1216532.0
MAR,15,9324244.0
MAR,16,554308769.0
MAR,17,199283215.0
MAR,18,4406346.0
MAR,20,8114571.0
MAR,21,86495138.0
MCO,1,11424.0
MCO,2,110960.0
MCO,4,178283.0
MCO,6,28785191.0
MCO,7,233959.0
MCO,8,7834.0
MCO,10,7743.0
MCO,11,595387.0
MCO,12,7957.0
MCO,13,145137.0
MCO,14,5478191.0
MCO,15,33828.0
MCO,16,3457762.0
MCO,17,156504.0
MCO,18,182202.0
MCO,20,208851.0
MCO,21,7988451.0
MDA,1,222714.0
MDA,2,3031471.0
MDA,4,75565306.0
MDA,5,2392.0
MDA,6,5316730.0
MDA,7,9728304.0
MDA,8,5215327.0
MDA,9,349859.0
MDA,10,1012063.0
MDA,11,18523472.0
MDA,12,950163.0
MDA,13,113973.0
MDA,14,581137.0
MDA,15,1440480.0
MDA,16,10113280.0
MDA,17,198174.0
MDA,18,227183.0
MDA,20,1910313.0
MDA,21,1992826.0
MDG,1,396326.0
MDG,2,112022674.0
MDG,3,123674.0
MDG,4,7172220.0
MDG,5,67084854.0
MDG,6,8033316.0
MDG,7,214544.0
MDG,8,7080583.0
MDG,9,8062203.0
MDG,10,16432.0
MDG,11,355378142.0
MDG,12,835633.0
MDG,13,376227.0
MDG,14,63306187.0
MDG,15,92045152.0
MDG,16,148509.0
MDG,17,10386.0
MDG,18,143077.0
MDG,20,1845067.0
MDG,21,8920287.0
MDV,1,3386342.0
MDV,4,193692.0
MDV,6,18575.0
MDV,7,5298.0
MDV,8,6401.0
MDV,11,7576.0
MDV,16,51937.0
MDV,17,193406.0
MDV,18,2008.0
MDV,20,768.0
MDV,21,899286.0
MEX,1,4144216726.0
MEX,2,21869865451.0
MEX,3,645823485.0
MEX,4,22534729439.0
MEX,5,16918513986.0
MEX,6,7274194277.0
MEX,7,12760927568.0
MEX,8,354752464.0
MEX,9,736374162.0
MEX,10,2173475132.0
MEX,11,5231476241.0
MEX,12,1211928476.0
MEX,13,4331091355.0
MEX,14,5840557116.0
MEX,15,17543223304.0
MEX,16,192576299666.0
MEX,17,139084145505.0
MEX,18,23014180897.0
MEX,19,84402475.0
MEX,20,15386656462.0
MEX,21,12133764396.0
MHL,1,17538967.0
MHL,4,4550.0
MHL,5,22743.0
MHL,6,28886.0
MHL,7,213053.0
MHL,8,5300.0
MHL,9,34100.0
MHL,11,71065.0
MHL,12,18218.0
MHL,13,63004.0
MHL,14,16950.0
MHL,15,271797.0
MHL,16,140139.0
MHL,17,8000.0
MHL,18,7140.0
MHL,20,154953.0
MHL,21,1850098.0
MKD,1,413769.0
MKD,2,2805706.0
MKD,3,24107.0
MKD,4,31374179.0
MKD,5,83752.0
MKD,6,499976.0
MKD,7,1596281.0
MKD,8,4481.0
MKD,9,15677.0
MKD,10,156991.0
MKD,11,3925732.0
MKD,12,113229.0
MKD,13,876063.0
MKD,14,10250.0
MKD,15,2091650.0
MKD,16,35032034.0
MKD,17,68420432.0
MKD,18,668185.0
MKD,19,5429441.0
MKD,20,15859090.0
MKD,21,4309768.0
MLI,1,4000.0
MLI,2,2950666.0
MLI,3,15032.0
MLI,4,94000.0
MLI,6,109788.0
MLI,7,25862.0
MLI,8,21026.0
MLI,9,3000.0
MLI,10,106432.0
MLI,11,58019.0
MLI,12,3059.0
MLI,14,12025.0
MLI,16,711587.0
MLI,17,152681.0
MLI,18,419372.0
MLI,20,54541.0
MLI,21,759188.0
MLT,1,163708.0
MLT,2,109530.0
MLT,4,11643.0
MLT,6,14604969.0
MLT,7,15768741.0
MLT,8,18518.0
MLT,9,161196.0
MLT,10,2457737.0
MLT,11,4123152.0
MLT,12,13788.0
MLT,13,437803.0
MLT,14,148405.0
MLT,15,970278.0
MLT,16,155695483.0
MLT,17,3960213.0
MLT,18,3279086.0
MLT,20,2635290.0
MLT,21,15886854.0
MMR,1,41884314.0
MMR,2,4026959.0
MMR,4,1868264.0
MMR,6,29694.0
MMR,7,21781511.0
MMR,8,145471317.0
MMR,9,1834730.0
MMR,10,366226.0
MMR,11,253990144.0
MMR,12,75367412.0
MMR,13,169184.0
MMR,14,11972588.0
MMR,15,2623744.0
MMR,16,50613637.0
MMR,17,2990946.0
MMR,18,20703592.0
MMR,19,125093.0
MMR,20,19591988.0
MMR,21,1049602.0
MNE,2,66355.0
MNE,4,4476794.0
MNE,6,315156.0
MNE,7,125301.0
MNE,8,62400.0
MNE,9,199108.0
MNE,10,85467.0
MNE,11,7109.0
MNE,13,15544.0
MNE,15,246219.0
MNE,16,6147312.0
MNE,17,854922.0
MNE,18,338418.0
MNE,20,165589.0
MNE,21,2276612.0
MNG,1,310782.0
MNG,2,14398987.0
MNG,4,70241.0
MNG,5,708935.0
MNG,6,8632.0
MNG,7,810295.0
MNG,8,40052.0
MNG,10,7063.0
MNG,11,3995518.0
MNG,12,63288.0
MNG,14,25229.0
MNG,15,21724.0
MNG,16,626270.0
MNG,17,2109963.0
MNG,18,30750.0
MNG,20,291558.0
MNG,21,3458153.0
MOZ,1,451962.0
MOZ,2,910795.0
MOZ,4,29872899.0
MOZ,5,54511791.0
MOZ,6,262292.0
MOZ,7,439.0
MOZ,8,3921.0
MOZ,9,167373.0
MOZ,10,682787.0
MOZ,11,19343.0
MOZ,12,7563.0
MOZ,14,124137725.0
MOZ,15,1170342.0
MOZ,16,788882.0
MOZ,17,198806.0
MOZ,18,566629.0
MOZ,20,100682.0
MOZ,21,2216358.0
MRT,1,444150.0
MRT,2,14040.0
MRT,4,418784.0
MRT,6,15756.0
MRT,7,6040.0
MRT,8,7784.0
MRT,10,704533.0
MRT,11,159360.0
MRT,12,10169.0
MRT,13,4168.0
MRT,14,12342.0
MRT,16,697848.0
MRT,18,7718.0
MRT,20,31200.0
MRT,21,321006.0
MSR,5,95538.0
MSR,6,4851.0
MSR,7,34546.0
MSR,12,2916.0
MSR,14,7263.0
MSR,15,93514.0
MSR,16,5132787.0
MSR,17,63081.0
MSR,18,46309.0
MSR,20,74062.0
MSR,21,76927.0
MTQ,4,1016768.0
MTQ,7,90191.0
MTQ,8,2232.0
MTQ,9,12424.0
MTQ,10,12088.0
MTQ,11,252.0
MTQ,12,1770.0
MTQ,14,142894.0
MTQ,16,14104.0
MTQ,18,52245.0
MTQ,20,1430.0
MTQ,21,1461360.0
MUS,1,89662934.0
MUS,2,455752.0
MUS,4,48198405.0
MUS,5,76074.0
MUS,6,3384377.0
MUS,7,56768.0
MUS,8,4500919.0
MUS,9,215620.0
MUS,10,486817.0
MUS,11,40571103.0
MUS,12,1136.0
MUS,13,10079.0
MUS,14,27560914.0
MUS,15,55482.0
MUS,16,5420169.0
MUS,18,6700630.0
MUS,20,1871079.0
MUS,21,5291653.0
MWI,2,14898274.0
MWI,3,132608.0
MWI,4,25592890.0
MWI,6,2400.0
MWI,7,26743.0
MWI,8,6632.0
MWI,9,135654.0
MWI,10,4750.0
MWI,11,46562.0
MWI,14,5687.0
MWI,16,79176.0
MWI,18,14743.0
MWI,20,23193.0
MWI,21,85298.0
MYS,1,17513238.0
MYS,2,12060344.0
MYS,3,470968510.0
MYS,4,611834889.0
MYS,5,67220676.0
MYS,6,770505341.0
MYS,7,2156173436.0
MYS,8,6113781.0
MYS,9,322187039.0
MYS,10,209121277.0
MYS,11,253728007.0
MYS,12,6134219.0
MYS,13,316239557.0
MYS,14,23695270.0
MYS,15,986095849.0
MYS,16,37612267631.0
MYS,17,649742235.0
MYS,18,4212993833.0
MYS,19,5183303.0
MYS,20,1901346078.0
MYS,21,1923723442.0
MYT,2,197035.0
MYT,4,99384.0
MYT,6,12468.0
MYT,7,70113.0
MYT,10,5731.0
MYT,11,129065.0
MYT,13,10325.0
MYT,15,7997.0
MYT,16,847882.0
MYT,17,178513.0
MYT,18,134898.0
MYT,20,18048.0
MYT,21,178251.0
NAM,1,4164816.0
NAM,2,140788.0
NAM,4,14147.0
NAM,5,84703923.0
NAM,6,1715094.0
NAM,7,36354.0
NAM,8,25899.0
NAM,9,2104362.0
NAM,10,105082.0
NAM,11,99667.0
NAM,12,12996.0
NAM,13,14425968.0
NAM,14,163081465.0
NAM,15,51292.0
NAM,16,1204736.0
NAM,17,631299.0
NAM,18,254212.0
NAM,20,58410.0
NAM,21,2394588.0
NCL,1,1531915.0
NCL,2,45696.0
NCL,4,32243.0
NCL,5,447196.0
NCL,6,273126.0
NCL,7,103652.0
NCL,8,8016.0
NCL,11,8240.0
NCL,12,2804.0
NCL,13,3640.0
NCL,15,29883475.0
NCL,16,628597.0
NCL,17,276940.0
NCL,18,71598.0
NCL,20,47170.0
NCL,21,480596.0
NER,2,782232.0
NER,5,67851.0
NER,6,166598.0
NER,7,42293.0
NER,8,476.0
NER,9,8139.0
NER,10,16507.0
NER,11,283672.0
NER,12,10589.0
NER,13,8051.0
NER,14,109628.0
NER,15,79441.0
NER,16,2494867.0
NER,17,284623.0
NER,18,166944.0
NER,20,60243.0
NER,21,3724540.0
NFK,7,5440.0
NFK,15,2267.0
NFK,17,25046.0
NFK,18,14771.0
NFK,20,1092.0
NFK,21,142549.0
NGA,1,6547179.0
NGA,2,41214879.0
NGA,3,975351.0
NGA,4,65064883.0
NGA,5,5275952975.0
NGA,6,140804718.0
NGA,7,35316303.0
NGA,8,874155.0
NGA,9,754711.0
NGA,10,253199.0
NGA,11,4409227.0
NGA,12,4333860.0
NGA,13,34530.0
NGA,14,8824535.0
NGA,15,78255046.0
NGA,16,1397041.0
NGA,17,99162.0
NGA,18,313591.0
NGA,20,194280.0
NGA,21,33556334.0
NIC,1,497037290.0
NIC,2,327423173.0
NIC,3,11933857.0
NIC,4,485635036.0
NIC,6,3048239.0
NIC,7,2684337.0
NIC,8,1148806.0
NIC,9,2549492.0
NIC,10,98506.0
NIC,11,1964846937.0
NIC,12,799236.0
NIC,13,371789.0
NIC,14,583196712.0
NIC,15,614494.0
NIC,16,704449516.0
NIC,17,25070.0
NIC,18,15456617.0
NIC,20,4543375.0
NIC,21,16463057.0
NIU,7,21941.0
NIU,11,16535.0
NIU,13,2736222.0
NIU,14,805858.0
NIU,15,46107.0
NIU,16,46082.0
NIU,18,2580.0
NIU,21,646919.0
NLD,1,684161406.0
NLD,2,528435348.0
NLD,3,60105620.0
NLD,4,2036362761.0
NLD,5,4158520468.0
NLD,6,10452920904.0
NLD,7,657798623.0
NLD,8,14730226.0
NLD,9,81892851.0
NLD,10,196042318.0
NLD,11,295500807.0
NLD,12,4515315.0
NLD,13,81401853.0
NLD,14,98053084.0
NLD,15,1305221501.0
NLD,16,5946122882.0
NLD,17,1085669264.0
NLD,18,1336652294.0
NLD,19,29099540.0
NLD,20,186408731.0
NLD,21,4893194442.0
NOR,1,1303000549.0
NOR,2,920962.0
NOR,3,128429388.0
NOR,4,65660967.0
NOR,5,1690325961.0
NOR,6,900344438.0
NOR,7,76843402.0
NOR,8,494553.0
NOR,9,1928916.0
NOR,10,67433930.0
NOR,11,11010081.0
NOR,12,122888.0
NOR,13,4705885.0
NOR,14,760723.0
NOR,15,569091246.0
NOR,16,745938210.0
NOR,17,168240071.0
NOR,18,251769183.0
NOR,19,40240167.0
NOR,20,56691290.0
NOR,21,499381360.0
NPL,1,1669676.0
NPL,2,1260795.0
NPL,3,4240.0
NPL,4,21621811.0
NPL,6,1484772.0
NPL,7,123936.0
NPL,8,2256485.0
NPL,9,906635.0
NPL,10,1161397.0
NPL,11,75727114.0
NPL,12,1391976.0
NPL,13,212042.0
NPL,14,1138285.0
NPL,15,680323.0
NPL,16,636437.0
NPL,17,16810.0
NPL,18,180358.0
NPL,20,4913677.0
NPL,21,5074820.0
NRU,6,119872.0
NRU,7,106666.0
NRU,8,2146.0
NRU,11,129524.0
NRU,12,3239.0
NRU,13,67765.0
NRU,14,18560.0
NRU,15,428180.0
NRU,16,253681.0
NRU,17,13536.0
NRU,18,39494.0
NRU,20,718460.0
NRU,21,337801.0
NZL,1,2407989608.0
NZL,2,262682748.0
NZL,3,134558600.0
NZL,4,748108433.0
NZL,5,3240247.0
NZL,6,462322145.0
NZL,7,44556686.0
NZL,8,3742712.0
NZL,9,224123481.0
NZL,10,14767581.0
NZL,11,37143531.0
NZL,12,1570352.0
NZL,13,7541596.0
NZL,14,44189489.0
NZL,15,68144223.0
NZL,16,614425220.0
NZL,17,49138823.0
NZL,18,229691770.0
NZL,19,511260.0
NZL,20,21961605.0
NZL,21,236632452.0
OMN,1,5758624.0
OMN,2,146852.0
OMN,3,393554.0
OMN,4,4336626.0
OMN,5,57311749.0
OMN,6,117965946.0
OMN,7,356272889.0
OMN,8,12219.0
OMN,10,83018.0
OMN,11,16163.0
OMN,12,2494.0
OMN,13,8400669.0
OMN,14,217605389.0
OMN,15,391385863.0
OMN,16,16474910.0
OMN,17,12951352.0
OMN,18,544718.0
OMN,19,717476.0
OMN,20,1514979.0
OMN,21,128096039.0
PAK,1,10263828.0
PAK,2,105410569.0
PAK,3,393066.0
PAK,4,86277560.0
PAK,5,92519966.0
PAK,6,13504647.0
PAK,7,157066958.0
PAK,8,179598877.0
PAK,9,764670.0
PAK,10,3485667.0
PAK,11,3930588227.0
PAK,12,19314780.0
PAK,13,5204808.0
PAK,14,17744038.0
PAK,15,55830402.0
PAK,16,25950525.0
PAK,17,4968463.0
PAK,18,140025782.0
PAK,19,1088394.0
PAK,20,216732811.0
PAK,21,56922122.0
PAN,1,88160280.0
PAN,2,28373951.0
PAN,3,2830177.0
PAN,4,53696227.0
PAN,5,2294168.0
PAN,6,10626466.0
PAN,7,7968432.0
PAN,8,42567.0
PAN,9,1545710.0
PAN,10,1301091.0
PAN,11,7094374.0
PAN,12,4147344.0
PAN,13,606763.0
PAN,14,78276482.0
PAN,15,24332194.0
PAN,16,65401210.0
PAN,17,1271705.0
PAN,18,1506146.0
PAN,20,780854.0
PAN,21,175564331.0
PCN,2,5787.0
PCN,21,3548.0
PER,1,224660580.0
PER,2,3707749127.0
PER,3,96440123.0
PER,4,760974641.0
PER,5,1167952437.0
PER,6,103157095.0
PER,7,127731923.0
PER,8,2467119.0
PER,9,10566337.0
PER,10,5890818.0
PER,11,878289212.0
PER,12,7023710.0
PER,13,86376360.0
PER,14,504048403.0
PER,15,1387311648.0
PER,16,83485373.0
PER,17,30700150.0
PER,18,2083625.0
PER,19,5075106.0
PER,20,11619718.0
PER,21,159589256.0
PHL,1,57558341.0
PHL,2,144353412.0
PHL,3,622488616.0
PHL,4,640381042.0
PHL,5,235596.0
PHL,6,115202243.0
PHL,7,335718007.0
PHL,8,507635599.0
PHL,9,52946301.0
PHL,10,28720437.0
PHL,11,477641965.0
PHL,12,69851760.0
PHL,13,66438669.0
PHL,14,10254933.0
PHL,15,147848789.0
PHL,16,9331090320.0
PHL,17,126892155.0
PHL,18,513559134.0
PHL,19,48337864.0
PHL,20,366460143.0
PHL,21,514012790.0
PLW,1,459146.0
PLW,11,400.0
PLW,14,5348.0
PLW,16,601802.0
PLW,17,350000.0
PLW,21,817517.0
PNG,1,1738415.0
PNG,2,59083252.0
PNG,4,9883775.0
PNG,7,45154.0
PNG,8,16405.0
PNG,9,149204.0
PNG,10,5400.0
PNG,11,53966.0
PNG,13,2935.0
PNG,14,55000.0
PNG,15,6169.0
PNG,16,2065981.0
PNG,17,47475.0
PNG,18,2352.0
PNG,20,15269.0
PNG,21,5979946.0
POL,1,185828106.0
POL,2,135124165.0
POL,3,31003243.0
POL,4,640365610.0
POL,5,42007869.0
POL,6,499544180.0
POL,7,602688643.0
POL,8,10272945.0
POL,9,103438966.0
POL,10,82176183.0
POL,11,86483333.0
POL,12,10275080.0
POL,13,173086464.0
POL,14,415839848.0
POL,15,610171544.0
POL,16,6375824673.0
POL,17,1175027467.0
POL,18,1251724921.0
POL,19,12468395.0
POL,20,659451949.0
POL,21,585563486.0
PRK,7,57465.0
PRT,1,34578559.0
PRT,2,8226160.0
PRT,3,41894197.0
PRT,4,204616590.0
PRT,5,1090609175.0
PRT,6,1656355577.0
PRT,7,494072133.0
PRT,8,21391724.0
PRT,9,233815854.0
PRT,10,96609027.0
PRT,11,642939775.0
PRT,12,249401476.0
PRT,13,163908590.0
PRT,14,5740574.0
PRT,15,270553628.0
PRT,16,830587648.0
PRT,17,38691864.0
PRT,18,92439968.0
PRT,19,60469933.0
PRT,20,164375138.0
PRT,21,187678668.0
PRY,1,131782937.0
PRY,2,70962770.0
PRY,3,1589886.0
PRY,4,33903816.0
PRY,6,11904993.0
PRY,7,85530.0
PRY,8,3070148.0
PRY,9,26596764.0
PRY,10,45950.0
PRY,11,11303218.0
PRY,12,1009216.0
PRY,13,10872.0
PRY,14,38713535.0
PRY,15,8007040.0
PRY,16,12185315.0
PRY,17,264639.0
PRY,18,607402.0
PRY,19,12250.0
PRY,20,232424.0
PRY,21,3864252.0
PYF,1,16521007.0
PYF,2,179751.0
PYF,3,13484.0
PYF,4,939520.0
PYF,6,238038.0
PYF,7,1217004.0
PYF,8,2531.0
PYF,10,6318.0
PYF,11,39715.0
PYF,12,1040.0
PYF,13,43989.0
PYF,14,8911204.0
PYF,15,27552.0
PYF,16,1463880.0
PYF,17,40928.0
PYF,18,85483.0
PYF,20,32045.0
PYF,21,10659781.0
QAT,2,12400.0
QAT,5,888546759.0
QAT,6,383079527.0
QAT,7,811625.0
QAT,8,10299.0
QAT,10,58035.0
QAT,11,312813.0
QAT,12,2179.0
QAT,13,7672.0
QAT,14,18225956.0
QAT,15,180400118.0
QAT,16,3069557.0
QAT,17,72639.0
QAT,18,527967.0
QAT,20,78969.0
QAT,21,358969212.0
REU,1,43317800.0
REU,6,17168.0
REU,7,92376.0
REU,8,292.0
REU,10,4000.0
REU,11,83900.0
REU,16,319379.0
REU,20,12246.0
REU,21,219695.0
ROU,1,7236154.0
ROU,2,15731121.0
ROU,3,6185615.0
ROU,4,22591995.0
ROU,5,1340887.0
ROU,6,154334766.0
ROU,7,319626463.0
ROU,8,26239665.0
ROU,9,82757569.0
ROU,10,4409127.0
ROU,11,208603468.0
ROU,12,51385846.0
ROU,13,9043689.0
ROU,14,2834924.0
ROU,15,528368624.0
ROU,16,1743297239.0
ROU,17,285593934.0
ROU,18,190188345.0
ROU,19,13990989.0
ROU,20,116460444.0
ROU,21,114791949.0
RUS,1,1096334.0
RUS,2,21211313.0
RUS,3,247844.0
RUS,4,53127635.0
RUS,5,1057365.0
RUS,6,1772518138.0
RUS,7,8809378.0
RUS,8,900.0
RUS,9,70767576.0
RUS,10,356304.0
RUS,11,379735.0
RUS,12,2709986.0
RUS,13,1591290.0
RUS,14,878384711.0
RUS,15,51919114.0
RUS,16,89297609.0
RUS,17,34879667.0
RUS,18,6063113.0
RUS,19,202009.0
RUS,20,803734.0
RUS,21,12076701.0
RWA,2,23328076.0
RWA,3,8098.0
RWA,4,178070.0
RWA,6,49579.0
RWA,7,2580.0
RWA,8,1177216.0
RWA,9,201716.0
RWA,10,5067.0
RWA,11,520881.0
RWA,12,3102.0
RWA,14,206635.0
RWA,15,3556204.0
RWA,16,144797.0
RWA,17,24470.0
RWA,18,23128.0
RWA,20,23716.0
RWA,21,785081.0
SAU,1,8933053.0
SAU,2,7754024.0
SAU,3,933653.0
SAU,4,16280129.0
SAU,5,10401492099.0
SAU,6,1538733779.0
SAU,7,65645146.0
SAU,8,27811.0
SAU,9,27033.0
SAU,10,5314990.0
SAU,11,116083037.0
SAU,12,12957.0
SAU,13,11082628.0
SAU,14,34192136.0
SAU,15,203230841.0
SAU,16,49615905.0
SAU,17,10188966.0
SAU,18,2561704.0
SAU,20,332627.0
SAU,21,261282641.0
SDN,2,13114399.0
SDN,21,19492.0
SEN,1,965061.0
SEN,2,447655.0
SEN,3,8191.0
SEN,4,53619041.0
SEN,5,102052545.0
SEN,6,16425711.0
SEN,7,7729.0
SEN,8,41755.0
SEN,9,163047.0
SEN,10,28066.0
SEN,11,1675878.0
SEN,12,53607091.0
SEN,14,4659.0
SEN,15,150451.0
SEN,16,823303.0
SEN,17,445933.0
SEN,18,137463.0
SEN,20,57574.0
SEN,21,4464015.0
SGP,1,13779932.0
SGP,2,8872159.0
SGP,3,9152489.0
SGP,4,2795586236.0
SGP,5,1926633978.0
SGP,6,20308919353.0
SGP,7,567411944.0
SGP,8,692565.0
SGP,9,1288291.0
SGP,10,26284538.0
SGP,11,6672361.0
SGP,12,865147.0
SGP,13,97153686.0
SGP,14,325358289.0
SGP,15,155823217.0
SGP,16,6935646226.0
SGP,17,141924789.0
SGP,18,5061044788.0
SGP,19,90501.0
SGP,20,75780724.0
SGP,21,4744741690.0
SHN,1,8554977.0
SHN,6,38889.0
SHN,7,4804.0
SHN,11,2979.0
SHN,14,13693.0
SHN,15,3538.0
SHN,16,260445.0
SHN,18,840659.0
SHN,21,916665.0
SJM,16,25130.0
SJM,17,5842.0
SJM,18,9616.0
SJM,21,1267.0
SLB,1,331708.0
SLB,2,474313.0
SLB,4,50594.0
SLB,6,119544.0
SLB,7,6041.0
SLB,8,5817.0
SLB,9,8353.0
SLB,12,2761.0
SLB,14,155502.0
SLB,16,6823.0
SLB,17,3074.0
SLB,20,12400.0
SLB,21,168969.0
SLE,1,682538.0
SLE,2,3812.0
SLE,3,1452836.0
SLE,4,2579990.0
SLE,5,11816200.0
SLE,6,199395.0
SLE,7,368679.0
SLE,8,18151.0
SLE,9,352514.0
SLE,10,22717.0
SLE,11,45413.0
SLE,12,310.0
SLE,13,40412.0
SLE,14,5303813.0
SLE,15,249218.0
SLE,16,3433817.0
SLE,17,759939.0
SLE,18,587333.0
SLE,20,247706.0
SLE,21,583057.0
SLV,1,10664371.0
SLV,2,93764309.0
SLV,3,840759.0
SLV,4,308037205.0
SLV,5,1279381.0
SLV,6,24137951.0
SLV,7,25426373.0
SLV,8,4828947.0
SLV,9,2594564.0
SLV,10,13928966.0
SLV,11,1357329176.0
SLV,12,13735205.0
SLV,13,38044959.0
SLV,14,8186722.0
SLV,15,32246072.0
SLV,16,127830697.0
SLV,17,10154225.0
SLV,18,3382984.0
SLV,19,86979.0
SLV,20,38879428.0
SLV,21,195833518.0
SMR,4,807366.0
SMR,6,28941.0
SMR,7,561926.0
SMR,8,143455.0
SMR,9,2928.0
SMR,10,816846.0
SMR,11,135548.0
SMR,12,14956.0
SMR,13,1269842.0
SMR,14,7031.0
SMR,15,2306835.0
SMR,16,14698893.0
SMR,17,33181.0
SMR,18,24648.0
SMR,20,1372618.0
SMR,21,3008015.0
SOM,2,505922.0
SOM,3,189075.0
SOM,6,52166.0
SOM,7,19049.0
SOM,10,2900.0
SOM,11,20713.0
SOM,13,100979.0
SOM,14,27288.0
SOM,15,17498.0
SOM,16,609379.0
SOM,17,481225.0
SOM,18,5929.0
SOM,20,103335.0
SOM,21,347274.0
SPM,10,2500.0
SPM,16,2964.0
SPM,21,3430259.0
SRB,1,1310651.0
SRB,2,36281116.0
SRB,3,753126.0
SRB,4,60456408.0
SRB,5,18506641.0
SRB,6,6217539.0
SRB,7,190370461.0
SRB,8,56102.0
SRB,9,1422940.0
SRB,10,3716196.0
SRB,11,12068194.0
SRB,12,2769731.0
SRB,13,23952312.0
SRB,14,1850564.0
SRB,15,49170189.0
SRB,16,236015959.0
SRB,17,36565538.0
SRB,18,22076256.0
SRB,19,79746152.0
SRB,20,15286703.0
SRB,21,15757766.0
SSD,2,583600.0
SSD,4,9614.0
SSD,10,38161.0
SSD,12,2624.0
SSD,16,17747.0
SSD,20,2579.0
SSD,21,150877.0
STP,4,72368.0
STP,5,2145.0
STP,7,9447.0
STP,10,4323.0
STP,13,35381.0
STP,15,10537.0
STP,16,363872.0
STP,17,7195.0
STP,18,15708.0
STP,21,51315.0
SUR,1,48022151.0
SUR,2,3049.0
SUR,4,25852.0
SUR,5,21022166.0
SUR,7,376632.0
SUR,8,1314.0
SUR,9,3420635.0
SUR,11,3205.0
SUR,14,1210748.0
SUR,15,2386612.0
SUR,16,4832524.0
SUR,17,1707424.0
SUR,18,381857.0
SUR,21,7519241.0
SVK,1,1953381.0
SVK,2,2076757.0
SVK,3,2457111.0
SVK,4,2036845.0
SVK,5,1354840.0
SVK,6,30604322.0
SVK,7,326521015.0
SVK,8,2942458.0
SVK,9,2247824.0
SVK,10,19100784.0
SVK,11,22830563.0
SVK,12,23986304.0
SVK,13,40776173.0
SVK,14,10429719.0
SVK,15,72717651.0
SVK,16,1020552514.0
SVK,17,6386261713.0
SVK,18,75034954.0
SVK,19,4563196.0
SVK,20,71559089.0
SVK,21,67347384.0
SVN,1,269743.0
SVN,2,2812574.0
SVN,3,539488.0
SVN,4,46898486.0
SVN,5,161821.0
SVN,6,5187252327.0
SVN,7,69676228.0
SVN,8,163464.0
SVN,9,7091554.0
SVN,10,17248937.0
SVN,11,24613633.0
SVN,12,2863169.0
SVN,13,30242270.0
SVN,14,932615.0
SVN,15,167651870.0
SVN,16,445829282.0
SVN,17,73375501.0
SVN,18,82043437.0
SVN,19,6181578.0
SVN,20,95739173.0
SVN,21,31450790.0
SWE,1,9277138.0
SWE,2,15443268.0
SWE,3,7000045.0
SWE,4,316018576.0
SWE,5,328548633.0
SWE,6,3516777186.0
SWE,7,501656336.0
SWE,8,8775093.0
SWE,9,346989221.0
SWE,10,717791824.0
SWE,11,42425384.0
SWE,12,2466026.0
SWE,13,45865912.0
SWE,14,105745449.0
SWE,15,1228385801.0
SWE,16,4740091400.0
SWE,17,4283166205.0
SWE,18,1084500914.0
SWE,19,66686794.0
SWE,20,171685401.0
SWE,21,456376062.0
SWZ,1,128611.0
SWZ,2,2004.0
SWZ,4,14636431.0
SWZ,6,1260319.0
SWZ,7,236306.0
SWZ,8,2265.0
SWZ,9,13209.0
SWZ,10,36295.0
SWZ,11,3751197.0
SWZ,13,143219.0
SWZ,14,47287.0
SWZ,15,252957.0
SWZ,16,1009303.0
SWZ,17,12427.0
SWZ,18,783918.0
SWZ,20,1455.0
SWZ,21,271406.0
SXM,1,62360.0
SXM,4,101705.0
SXM,7,35371.0
SXM,8,2080.0
SXM,11,6197.0
SXM,14,228314.0
SXM,15,1121986.0
SXM,16,829739.0
SXM,17,2500.0
SXM,18,21595.0
SXM,20,18153.0
SXM,21,99105218.0
SYC,1,3381058.0
SYC,6,187301.0
SYC,7,199915.0
SYC,8,52863.0
SYC,11,29496.0
SYC,12,98097.0
SYC,13,124770.0
SYC,15,105201.0
SYC,16,2201448.0
SYC,17,132620.0
SYC,18,219532.0
SYC,20,78374.0
SYC,21,340267.0
SYR,1,132502.0
SYR,2,5342370.0
SYR,3,343578.0
SYR,4,3451790.0
SYR,6,33646.0
SYR,7,15126.0
SYR,8,2296.0
SYR,9,45496.0
SYR,10,16182.0
SYR,11,44056.0
SYR,13,2026180.0
SYR,15,92406.0
SYR,16,285896.0
SYR,18,109156.0
SYR,20,90098.0
SYR,21,9272158.0
TCA,1,3226185.0
TCA,4,112821.0
TCA,7,56644.0
TCA,11,1982.0
TCA,12,1193.0
TCA,13,5732.0
TCA,14,105227.0
TCA,15,414137.0
TCA,16,1047157.0
TCA,17,11421.0
TCA,18,60000.0
TCA,20,84338.0
TCA,21,5856792.0
TCD,2,3818463.0
TCD,5,76437992.0
TCD,6,10933.0
TCD,7,249299.0
TCD,10,10000.0
TCD,11,3083.0
TCD,14,34430.0
TCD,15,5000.0
TCD,16,77112.0
TCD,20,3991.0
TCD,21,163735.0
TGO,1,524665.0
TGO,2,5893882.0
TGO,3,4857052.0
TGO,4,70005470.0
TGO,6,157412.0
TGO,7,22010.0
TGO,8,9368.0
TGO,9,2224.0
TGO,11,1659619.0
TGO,12,5912433.0
TGO,14,575603.0
TGO,15,5535.0
TGO,16,68213.0
TGO,17,29954.0
TGO,20,2511.0
TGO,21,270414.0
THA,1,290525050.0
THA,2,1096737008.0
THA,3,4748704.0
THA,4,3278590710.0
THA,5,44758411.0
THA,6,634296588.0
THA,7,6418984926.0
THA,8,391426026.0
THA,9,214489031.0
THA,10,144185413.0
THA,11,1309281156.0
THA,12,137014858.0
THA,13,590173902.0
THA,14,1820071280.0
THA,15,2430864651.0
THA,16,37800536604.0
THA,17,2564559133.0
THA,18,1782102809.0
THA,19,4838142.0
THA,20,1653265168.0
THA,21,716730652.0
TJK,1,71285.0
TJK,2,126285.0
TJK,4,2625.0
TJK,6,28748.0
TJK,7,35000.0
TJK,9,12206.0
TJK,10,13160.0
TJK,11,1535.0
TJK,14,272409.0
TJK,15,3443140.0
TJK,16,102128.0
TJK,17,29800.0
TJK,18,71910.0
TJK,20,11943.0
TJK,21,411764.0
TKL,18,3399.0
TKL,21,174186.0
TKM,6,10023566.0
TKM,7,29561.0
TKM,8,6160.0
TKM,11,9993.0
TKM,12,521.0
TKM,16,363613.0
TKM,18,20982.0
TKM,21,4136189.0
TLS,2,4588829.0
TLS,3,171600.0
TLS,7,496597.0
TLS,11,781.0
TLS,14,5785.0
TLS,15,100800.0
TLS,16,342815.0
TLS,18,6393.0
TLS,20,122442.0
TLS,21,76634.0
TON,1,598307.0
TON,2,325644.0
TON,7,426572.0
TON,9,3440.0
TON,10,199440.0
TON,11,38135.0
TON,12,11531.0
TON,13,29832.0
TON,15,56557.0
TON,16,322888.0
TON,18,187256.0
TON,20,205902.0
TON,21,439742.0
TTO,1,12839059.0
TTO,2,1864135.0
TTO,3,165356.0
TTO,4,45850453.0
TTO,5,1789742892.0
TTO,6,752507779.0
TTO,7,9087931.0
TTO,8,2710.0
TTO,9,498938.0
TTO,10,5123971.0
TTO,11,8813.0
TTO,12,51416.0
TTO,13,2944.0
TTO,14,8464068.0
TTO,15,625224486.0
TTO,16,3991608.0
TTO,17,31362.0
TTO,18,3526300.0
TTO,20,54982.0
TTO,21,66838768.0
TUN,1,4229610.0
TUN,2,27191209.0
TUN,3,474987970.0
TUN,4,11247898.0
TUN,5,6349570.0
TUN,6,75273463.0
TUN,7,25816278.0
TUN,8,9997596.0
TUN,9,5860843.0
TUN,10,1298296.0
TUN,11,96555265.0
TUN,12,5633128.0
TUN,13,3493508.0
TUN,14,233449.0
TUN,15,18709035.0
TUN,16,253067023.0
TUN,17,18827488.0
TUN,18,43734058.0
TUN,20,19658786.0
TUN,21,21051139.0
TUR,1,144911773.0
TUR,2,454519354.0
TUR,3,274767416.0
TUR,4,1179695821.0
TUR,5,1683719554.0
TUR,6,502260066.0
TUR,7,768239199.0
TUR,8,87944175.0
TUR,9,62124404.0
TUR,10,205677598.0
TUR,11,2571758563.0
TUR,12,26086068.0
TUR,13,760845499.0
TUR,14,677653181.0
TUR,15,1471611114.0
TUR,16,3076822947.0
TUR,17,1338204678.0
TUR,18,101308301.0
TUR,19,424035388.0
TUR,20,306505512.0
TUR,21,626973446.0
TUV,11,2433.0
TUV,12,788.0
TUV,14,61457.0
TUV,15,45098.0
TUV,16,14501.0
TUV,18,12281.0
TUV,20,57294.0
TUV,21,30595.0
TWN,1,156381780.0
TWN,2,115808369.0
TWN,3,18478763.0
TWN,4,602661015.0
TWN,5,430377563.0
TWN,6,1970987204.0
TWN,7,3388713123.0
TWN,8,115411040.0
TWN,9,50068210.0
TWN,10,301698787.0
TWN,11,671980976.0
TWN,12,94290106.0
TWN,13,387939578.0
TWN,14,154564641.0
TWN,15,7223086482.0
TWN,16,89365729540.0
TWN,17,3394502649.0
TWN,18,2639654849.0
TWN,19,142775406.0
TWN,20,2525644146.0
TWN,21,2513272660.0
TZA,1,1259130.0
TZA,2,51913833.0
TZA,3,1768788.0
TZA,4,8498269.0
TZA,6,20030.0
TZA,7,1757317.0
TZA,8,4481.0
TZA,9,6535141.0
TZA,10,63683.0
TZA,11,79278186.0
TZA,12,3968.0
TZA,13,65383.0
TZA,14,38998911.0
TZA,15,108243.0
TZA,16,2344304.0
TZA,17,11377.0
TZA,18,116201.0
TZA,20,35319.0
TZA,21,11932291.0
UGA,1,1408510.0
UGA,2,111186630.0
UGA,3,98301.0
UGA,4,6268312.0
UGA,5,1931507.0
UGA,6,7712009.0
UGA,7,9033.0
UGA,8,42369.0
UGA,9,260786.0
UGA,10,50730.0
UGA,11,11535.0
UGA,12,18450.0
UGA,14,17574.0
UGA,15,31750.0
UGA,16,267375.0
UGA,18,135852.0
UGA,20,33204.0
UGA,21,3134212.0
UKR,1,41072119.0
UKR,2,8293527.0
UKR,3,71398326.0
UKR,4,77734292.0
UKR,5,32724300.0
UKR,6,81473158.0
UKR,7,21186203.0
UKR,8,1854985.0
UKR,9,12602775.0
UKR,10,4825348.0
UKR,11,50896920.0
UKR,12,7471628.0
UKR,13,2115458.0
UKR,14,2238935.0
UKR,15,566308216.0
UKR,16,102375806.0
UKR,17,29514755.0
UKR,18,11050428.0
UKR,19,270821.0
UKR,20,32313181.0
UKR,21,28777112.0
URY,1,607167167.0
URY,2,52585465.0
URY,3,81272670.0
URY,4,85977854.0
URY,5,207588.0
URY,6,21413686.0
URY,7,599878.0
URY,8,2965749.0
URY,9,87696272.0
URY,10,187287731.0
URY,11,4316649.0
URY,12,1595187.0
URY,13,295008.0
URY,14,12855847.0
URY,15,1697582.0
URY,16,7445519.0
URY,17,1667475.0
URY,18,36674576.0
URY,20,1676842.0
URY,21,33435407.0
UZB,1,577314.0
UZB,2,7092678.0
UZB,3,468696.0
UZB,4,894159.0
UZB,6,2309069.0
UZB,7,498761.0
UZB,8,3587.0
UZB,9,5000.0
UZB,10,87738.0
UZB,11,1288065.0
UZB,12,88682.0
UZB,13,456352.0
UZB,14,6663505.0
UZB,15,12177853.0
UZB,16,844709.0
UZB,17,53338.0
UZB,18,337925.0
UZB,20,42601.0
UZB,21,8547553.0
VAT,13,24557.0
VAT,14,125564.0
VAT,21,20478.0
VCT,1,2016681.0
VCT,2,12782.0
VCT,4,70799.0
VCT,7,15147.0
VCT,10,5000.0
VCT,11,635.0
VCT,12,2111.0
VCT,14,2609338.0
VCT,15,464141.0
VCT,16,82283.0
VCT,17,12496.0
VCT,20,50048.0
VCT,21,2922419.0
VEN,1,50545733.0
VEN,2,11989999.0
VEN,3,2941882.0
VEN,4,106989450.0
VEN,5,5706013223.0
VEN,6,47093232.0
VEN,7,2448560.0
VEN,8,17296.0
VEN,9,2336452.0
VEN,10,4236562.0
VEN,11,105100.0
VEN,12,137910.0
VEN,13,3351012.0
VEN,14,3016754.0
VEN,15,4803655.0
VEN,16,20803946.0
VEN,17,526318.0
VEN,18,64831.0
VEN,20,256435.0
VEN,21,20184427.0
VGB,4,5540.0
VGB,7,15888.0
VGB,8,693.0
VGB,10,18318.0
VGB,11,79665.0
VGB,12,33918.0
VGB,14,1375260.0
VGB,15,7800.0
VGB,16,772542.0
VGB,17,3381.0
VGB,18,43067.0
VGB,20,17520.0
VGB,21,57873215.0
VNM,1,1126921606.0
VNM,2,1944818332.0
VNM,3,151934543.0
VNM,4,1622154268.0
VNM,5,243959057.0
VNM,6,921192449.0
VNM,7,5058788565.0
VNM,8,1455932559.0
VNM,9,1122470266.0
VNM,10,940865632.0
VNM,11,15942487969.0
VNM,12,9382272253.0
VNM,13,842274994.0
VNM,14,237256074.0
VNM,15,3975610422.0
VNM,16,70473861036.0
VNM,17,1274146934.0
VNM,18,1615526232.0
VNM,19,1578194.0
VNM,20,16276727304.0
VNM,21,1950377120.0
VUT,1,1444210.0
VUT,2,11605370.0
VUT,3,21122.0
VUT,4,271123.0
VUT,8,2419.0
VUT,9,27349.0
VUT,11,1937.0
VUT,15,12453.0
VUT,16,15775.0
VUT,20,6675.0
VUT,21,258588.0
WLF,15,23491.0
WLF,21,15723.0
WSM,2,427207.0
WSM,3,3408378.0
WSM,4,259252.0
WSM,7,147090.0
WSM,9,5400.0
WSM,10,46502.0
WSM,11,13753.0
WSM,12,1026.0
WSM,14,1072586.0
WSM,15,10401.0
WSM,16,26491.0
WSM,17,22911.0
WSM,18,16290.0
WSM,20,55049.0
WSM,21,205338.0
XKX,1,418498.0
XKX,2,628974.0
XKX,3,3064.0
XKX,4,1182606.0
XKX,5,6052.0
XKX,7,695704.0
XKX,8,176622.0
XKX,9,133077.0
XKX,10,3143.0
XKX,11,1076704.0
XKX,12,4293.0
XKX,13,255547.0
XKX,15,3869105.0
XKX,16,273280.0
XKX,17,221184.0
XKX,18,15907.0
XKX,20,24816472.0
XKX,21,235714.0
YEM,1,343110.0
YEM,2,3874294.0
YEM,3,79892.0
YEM,4,2502879.0
YEM,6,57319.0
YEM,7,5167.0
YEM,8,4380.0
YEM,9,32900.0
YEM,10,2600.0
YEM,11,24644.0
YEM,12,2050.0
YEM,13,29754.0
YEM,14,59695.0
YEM,15,51904.0
YEM,16,18764.0
YEM,17,215021.0
YEM,19,51210.0
YEM,20,427068.0
YEM,21,1132607.0
ZAF,1,51780800.0
ZAF,2,282403632.0
ZAF,3,12468210.0
ZAF,4,269223373.0
ZAF,5,500047957.0
ZAF,6,615245773.0
ZAF,7,75749968.0
ZAF,8,18184391.0
ZAF,9,15431932.0
ZAF,10,34575947.0
ZAF,11,25067577.0
ZAF,12,5788634.0
ZAF,13,96111968.0
ZAF,14,8549669399.0
ZAF,15,1045546327.0
ZAF,16,418144786.0
ZAF,17,2382756570.0
ZAF,18,36035414.0
ZAF,19,8715020.0
ZAF,20,15795395.0
ZAF,21,197043515.0
ZMB,1,799381.0
ZMB,2,9817095.0
ZMB,4,1694936.0
ZMB,5,13998.0
ZMB,8,34376.0
ZMB,9,3108.0
ZMB,10,7969.0
ZMB,11,23595.0
ZMB,13,5000.0
ZMB,14,127078143.0
ZMB,15,27698169.0
ZMB,16,418957.0
ZMB,17,180807.0
ZMB,18,17175.0
ZMB,20,3197.0
ZMB,21,1316115.0
ZWE,1,121451.0
ZWE,2,5545194.0
ZWE,3,74932.0
ZWE,4,55313977.0
ZWE,5,537113.0
ZWE,6,39902.0
ZWE,7,10550.0
ZWE,8,986482.0
ZWE,9,60829.0
ZWE,10,436318.0
ZWE,11,383047.0
ZWE,12,89332.0
ZWE,13,134464.0
ZWE,14,424770.0
ZWE,15,328377.0
ZWE,16,80919.0
ZWE,18,12120.0
ZWE,20,442168.0
ZWE,21,2811173.0
GLOBAL,1,45029868423.0
GLOBAL,2,65192601461.0
GLOBAL,3,16719286879.0
GLOBAL,4,104225048777.0
GLOBAL,5,249011757099.0
GLOBAL,6,372516589671.0
GLOBAL,7,107863579219.0
GLOBAL,8,14096653335.0
GLOBAL,9,23782125145.0
GLOBAL,10,29348981320.0
GLOBAL,11,112917290785.0
GLOBAL,12,33348663315.0
GLOBAL,13,26102938003.0
GLOBAL,14,89116287445.0
GLOBAL,15,163372166049.0
GLOBAL,16,998687305425.0
GLOBAL,17,427180437266.0
GLOBAL,18,132120949453.0
GLOBAL,19,4366081228.0
GLOBAL,20,116688238338.0
GLOBAL,21,135712508820.0
